source_run,analysis_role,run_id,scenario_id,domain,kelompok,timestamp_start,timestamp_end,latency_ms,status,expected,actual,http_status,error_message,nim,nina,student_name,reservation_id,cid,file_size_bytes,tx_hash,block_number,block_timestamp,token_id,gas_limit,gas_used,revert_reason,registry_status,blockchain_status,sia_status,mock_pisn_status,final_verification,verification_mode,notes
fullflow_primary_r2,first_pass,1,F01,integrasi,alur_penuh,2026-08-08T20:55:19.192Z,2026-08-08T20:55:19.192Z,0,pass,data masuk PDDikti,sudah tercatat di PDDikti,,,20210002,,Among Iswahyudi,,,,,,,,,,,,,eligible,,,,run=alur-penuh-auto29-r2-20260809; resume=already_reported
fullflow_primary_r2,first_pass,2,F02,integrasi,alur_penuh,2026-08-08T20:55:19.193Z,2026-08-08T20:55:19.193Z,0,pass,status eligible,eligible,,,20210002,,Among Iswahyudi,,,,,,,,,,,,,,eligible,,,run=alur-penuh-auto29-r2-20260809; resume=already_eligible
fullflow_primary_r2,first_pass,3,F03,integrasi,alur_penuh,2026-08-08T20:55:19.194Z,2026-08-08T20:55:19.211Z,17,pass,NINA terbit,040410582605001,,,20210002,040410582605001,Among Iswahyudi,2,,,,,,,,,,aktif,,,,,,run=alur-penuh-auto29-r2-20260809; resume=already_has_nina
fullflow_primary_r2,first_pass,4,F04,kriptografi,alur_penuh,2026-08-08T20:55:19.211Z,2026-08-08T20:55:22.563Z,3352,pass,PDF terbentuk,PDF terbentuk,,,20210002,040410582605001,Among Iswahyudi,,,,,,,,,,,,,,,,,run=alur-penuh-auto29-r2-20260809; pdf=generated-ijazah/ijazah-2-1786222522447.pdf
fullflow_primary_r2,first_pass,5,F05,kriptografi,alur_penuh,2026-08-08T20:55:22.564Z,2026-08-08T20:55:31.486Z,8922,pass,CID diperoleh,bafkreibbwj2o3v2kfiipqmkscusdwht6h4xhanbxqqqcdk435emy6floge,,,20210002,040410582605001,Among Iswahyudi,,bafkreibbwj2o3v2kfiipqmkscusdwht6h4xhanbxqqqcdk435emy6floge,,,,,,,,,,,,,,,run=alur-penuh-auto29-r2-20260809
fullflow_primary_r2,first_pass,6,F07,smart_contract,alur_penuh,2026-08-08T20:55:31.487Z,2026-08-08T20:55:34.757Z,3270,pass,token terbit,token 1002,,,20210002,040410582605001,Among Iswahyudi,,bafkreibbwj2o3v2kfiipqmkscusdwht6h4xhanbxqqqcdk435emy6floge,,0x9709ade852d3c61974d816a04d10c2c76be85b9bf453a45b5859a6ce7f4a0b36,,,1002,,,,,aktif,,,,,run=alur-penuh-auto29-r2-20260809
fullflow_primary_r2,first_pass,7,F08,verifikasi,alur_penuh,2026-08-08T20:55:34.758Z,2026-08-08T20:55:36.054Z,1296,pass,valid,valid,,,20210002,040410582605001,Among Iswahyudi,,bafkreibbwj2o3v2kfiipqmkscusdwht6h4xhanbxqqqcdk435emy6floge,,,,,1002,,,,,,,,valid,live,run=alur-penuh-auto29-r2-20260809; sivil=http://localhost:8001/verifikasi?nina=040410582605001&nama=Among%20Iswahyudi
fullflow_primary_r2,first_pass,8,F01,integrasi,alur_penuh,2026-08-08T20:55:36.098Z,2026-08-08T20:55:36.098Z,0,pass,data masuk PDDikti,sudah tercatat di PDDikti,,,20210003,,Gawati Hassanah,,,,,,,,,,,,,eligible,,,,run=alur-penuh-auto29-r2-20260809; resume=already_reported
fullflow_primary_r2,first_pass,9,F02,integrasi,alur_penuh,2026-08-08T20:55:36.099Z,2026-08-08T20:55:36.099Z,0,pass,status eligible,eligible,,,20210003,,Gawati Hassanah,,,,,,,,,,,,,,eligible,,,run=alur-penuh-auto29-r2-20260809; resume=already_eligible
fullflow_primary_r2,first_pass,10,F03,integrasi,alur_penuh,2026-08-08T20:55:36.100Z,2026-08-08T20:55:36.126Z,26,pass,NINA terbit,040410582605002,,,20210003,040410582605002,Gawati Hassanah,3,,,,,,,,,,aktif,,,,,,run=alur-penuh-auto29-r2-20260809; resume=already_has_nina
fullflow_primary_r2,first_pass,11,F04,kriptografi,alur_penuh,2026-08-08T20:55:36.132Z,2026-08-08T20:55:38.044Z,1912,pass,PDF terbentuk,PDF terbentuk,,,20210003,040410582605002,Gawati Hassanah,,,,,,,,,,,,,,,,,run=alur-penuh-auto29-r2-20260809; pdf=generated-ijazah/ijazah-3-1786222537952.pdf
fullflow_primary_r2,first_pass,12,F05,kriptografi,alur_penuh,2026-08-08T20:55:38.045Z,2026-08-08T20:55:44.889Z,6844,pass,CID diperoleh,bafkreifttvrutosskonm6avpkkd2lz6o7w7wnmnpf6m57pdibdc5iz3lyu,,,20210003,040410582605002,Gawati Hassanah,,bafkreifttvrutosskonm6avpkkd2lz6o7w7wnmnpf6m57pdibdc5iz3lyu,,,,,,,,,,,,,,,run=alur-penuh-auto29-r2-20260809
fullflow_primary_r2,first_pass,13,F07,smart_contract,alur_penuh,2026-08-08T20:55:44.891Z,2026-08-08T20:55:47.244Z,2353,pass,token terbit,token 1003,,,20210003,040410582605002,Gawati Hassanah,,bafkreifttvrutosskonm6avpkkd2lz6o7w7wnmnpf6m57pdibdc5iz3lyu,,0xc07fd6664ddcb7dd64f0de5e71376b50c3781cce797ffdae956eab2e4f570662,,,1003,,,,,aktif,,,,,run=alur-penuh-auto29-r2-20260809
fullflow_primary_r2,first_pass,14,F08,verifikasi,alur_penuh,2026-08-08T20:55:47.245Z,2026-08-08T20:55:48.346Z,1101,pass,valid,valid,,,20210003,040410582605002,Gawati Hassanah,,bafkreifttvrutosskonm6avpkkd2lz6o7w7wnmnpf6m57pdibdc5iz3lyu,,,,,1003,,,,,,,,valid,live,run=alur-penuh-auto29-r2-20260809; sivil=http://localhost:8001/verifikasi?nina=040410582605002&nama=Gawati%20Hassanah
fullflow_primary_r2,first_pass,15,F01,integrasi,alur_penuh,2026-08-08T20:55:48.381Z,2026-08-08T20:55:48.381Z,0,pass,data masuk PDDikti,sudah tercatat di PDDikti,,,20210004,,Indah Mangunsong,,,,,,,,,,,,,eligible,,,,run=alur-penuh-auto29-r2-20260809; resume=already_reported
fullflow_primary_r2,first_pass,16,F02,integrasi,alur_penuh,2026-08-08T20:55:48.381Z,2026-08-08T20:55:48.381Z,0,pass,status eligible,eligible,,,20210004,,Indah Mangunsong,,,,,,,,,,,,,,eligible,,,run=alur-penuh-auto29-r2-20260809; resume=already_eligible
fullflow_primary_r2,first_pass,17,F03,integrasi,alur_penuh,2026-08-08T20:55:48.383Z,2026-08-08T20:55:48.401Z,18,pass,NINA terbit,040410582605003,,,20210004,040410582605003,Indah Mangunsong,4,,,,,,,,,,aktif,,,,,,run=alur-penuh-auto29-r2-20260809; resume=already_has_nina
fullflow_primary_r2,first_pass,18,F04,kriptografi,alur_penuh,2026-08-08T20:55:48.401Z,2026-08-08T20:55:49.833Z,1432,pass,PDF terbentuk,PDF terbentuk,,,20210004,040410582605003,Indah Mangunsong,,,,,,,,,,,,,,,,,run=alur-penuh-auto29-r2-20260809; pdf=generated-ijazah/ijazah-4-1786222549733.pdf
fullflow_primary_r2,first_pass,19,F05,kriptografi,alur_penuh,2026-08-08T20:55:49.834Z,2026-08-08T20:55:56.957Z,7123,pass,CID diperoleh,bafkreihulqkjcfudcenxgc3obuzv2f4bqdple4sthk3zoniivrvn2j72ly,,,20210004,040410582605003,Indah Mangunsong,,bafkreihulqkjcfudcenxgc3obuzv2f4bqdple4sthk3zoniivrvn2j72ly,,,,,,,,,,,,,,,run=alur-penuh-auto29-r2-20260809
fullflow_primary_r2,first_pass,20,F07,smart_contract,alur_penuh,2026-08-08T20:55:56.958Z,2026-08-08T20:55:59.446Z,2488,pass,token terbit,token 1004,,,20210004,040410582605003,Indah Mangunsong,,bafkreihulqkjcfudcenxgc3obuzv2f4bqdple4sthk3zoniivrvn2j72ly,,0x15459d5eb2142e2f5c7a4680d20b8e5de56ad31aad1719a8e482c15a1106e268,,,1004,,,,,aktif,,,,,run=alur-penuh-auto29-r2-20260809
fullflow_primary_r2,first_pass,21,F08,verifikasi,alur_penuh,2026-08-08T20:55:59.447Z,2026-08-08T20:56:00.582Z,1135,pass,valid,valid,,,20210004,040410582605003,Indah Mangunsong,,bafkreihulqkjcfudcenxgc3obuzv2f4bqdple4sthk3zoniivrvn2j72ly,,,,,1004,,,,,,,,valid,live,run=alur-penuh-auto29-r2-20260809; sivil=http://localhost:8001/verifikasi?nina=040410582605003&nama=Indah%20Mangunsong
fullflow_primary_r2,first_pass,22,F01,integrasi,alur_penuh,2026-08-08T20:56:00.601Z,2026-08-08T20:56:00.809Z,208,pass,data masuk PDDikti,terkirim ke PDDikti,,,20210005,,Zulfa Situmorang,,,,,,,,,,,,,dilaporkan,,,,run=alur-penuh-auto29-r2-20260809
fullflow_primary_r2,first_pass,23,F02,integrasi,alur_penuh,2026-08-08T20:56:00.810Z,2026-08-08T20:56:01.008Z,198,pass,status eligible,eligible,,,20210005,,Zulfa Situmorang,,,,,,,,,,,,,,eligible,,,run=alur-penuh-auto29-r2-20260809
fullflow_primary_r2,first_pass,24,F03,integrasi,alur_penuh,2026-08-08T20:56:01.010Z,2026-08-08T20:56:01.356Z,346,pass,NINA terbit,040410582605004,,,20210005,040410582605004,Zulfa Situmorang,5,,,,,,,,,,aktif,,,,,,run=alur-penuh-auto29-r2-20260809
fullflow_primary_r2,first_pass,25,F04,kriptografi,alur_penuh,2026-08-08T20:56:01.357Z,2026-08-08T20:56:06.097Z,4740,fail,PDF terbentuk,error,,"Failed to launch the browser process:  Code: null

stderr:
[1127:1156:0808/205601.538704:ERROR:dbus/bus.cc:405] Failed to connect to the bus: Failed to connect to socket /run/dbus/system_bus_socket: No such file or directory
[1127:1156:0808/205601.550199:ERROR:dbus/bus.cc:405] Failed to connect to the bus: Could not parse server address: Unknown address type (examples of valid types are ""tcp"" and on UNIX ""unix"")
[1127:1156:0808/205601.550529:ERROR:dbus/bus.cc:405] Failed to connect to the bus: Failed to connect to socket /run/dbus/system_bus_socket: No such file or directory
[1127:1156:0808/205601.550709:ERROR:dbus/bus.cc:405] Failed to connect to the bus: Failed to connect to socket /run/dbus/system_bus_socket: No such file or directory
[0808/205601.609214:ERROR:third_party/crashpad/crashpad/util/file/file_io_posix.cc:145] open /sys/devices/system/cpu/cpu0/cpufreq/scaling_cur_freq: No such file or directory (2)
[0808/205601.610073:ERROR:third_party/crashpad/crashpad/util/file/file_io_posix.cc:145] open /sys/devices/system/cpu/cpu0/cpufreq/scaling_max_freq: No such file or directory (2)

TROUBLESHOOTING: https://pptr.dev/troubleshooting
",20210005,040410582605004,Zulfa Situmorang,,,,,,,,,,,,,,,,,run=alur-penuh-auto29-r2-20260809
fullflow_primary_r2,first_pass,26,F01,integrasi,alur_penuh,2026-08-08T20:56:06.120Z,2026-08-08T20:56:06.321Z,201,pass,data masuk PDDikti,terkirim ke PDDikti,,,20210006,,Cindy Puspasari,,,,,,,,,,,,,dilaporkan,,,,run=alur-penuh-auto29-r2-20260809
fullflow_primary_r2,first_pass,27,F02,integrasi,alur_penuh,2026-08-08T20:56:06.322Z,2026-08-08T20:56:06.425Z,103,pass,status eligible,eligible,,,20210006,,Cindy Puspasari,,,,,,,,,,,,,,eligible,,,run=alur-penuh-auto29-r2-20260809
fullflow_primary_r2,first_pass,28,F03,integrasi,alur_penuh,2026-08-08T20:56:06.427Z,2026-08-08T20:56:06.854Z,427,pass,NINA terbit,040410582605005,,,20210006,040410582605005,Cindy Puspasari,6,,,,,,,,,,aktif,,,,,,run=alur-penuh-auto29-r2-20260809
fullflow_primary_r2,first_pass,29,F04,kriptografi,alur_penuh,2026-08-08T20:56:06.856Z,2026-08-08T20:56:07.891Z,1035,pass,PDF terbentuk,PDF terbentuk,,,20210006,040410582605005,Cindy Puspasari,,,,,,,,,,,,,,,,,run=alur-penuh-auto29-r2-20260809; pdf=generated-ijazah/ijazah-6-1786222567812.pdf
fullflow_primary_r2,first_pass,30,F05,kriptografi,alur_penuh,2026-08-08T20:56:07.892Z,2026-08-08T20:56:15.048Z,7156,pass,CID diperoleh,bafkreidvkoxqpxvdnzxjyowezagpruoq3uf6iizz3wkzekqlyt3xk76ypm,,,20210006,040410582605005,Cindy Puspasari,,bafkreidvkoxqpxvdnzxjyowezagpruoq3uf6iizz3wkzekqlyt3xk76ypm,,,,,,,,,,,,,,,run=alur-penuh-auto29-r2-20260809
fullflow_primary_r2,first_pass,31,F07,smart_contract,alur_penuh,2026-08-08T20:56:15.049Z,2026-08-08T20:56:17.279Z,2230,pass,token terbit,token 1005,,,20210006,040410582605005,Cindy Puspasari,,bafkreidvkoxqpxvdnzxjyowezagpruoq3uf6iizz3wkzekqlyt3xk76ypm,,0xcf8beaac771c016a0772f081cb593064fc99a87d5409736a9469d98a6f938f3c,,,1005,,,,,aktif,,,,,run=alur-penuh-auto29-r2-20260809
fullflow_primary_r2,first_pass,32,F08,verifikasi,alur_penuh,2026-08-08T20:56:17.281Z,2026-08-08T20:56:18.580Z,1299,pass,valid,valid,,,20210006,040410582605005,Cindy Puspasari,,bafkreidvkoxqpxvdnzxjyowezagpruoq3uf6iizz3wkzekqlyt3xk76ypm,,,,,1005,,,,,,,,valid,live,run=alur-penuh-auto29-r2-20260809; sivil=http://localhost:8001/verifikasi?nina=040410582605005&nama=Cindy%20Puspasari
fullflow_primary_r2,first_pass,33,F01,integrasi,alur_penuh,2026-08-08T20:56:18.606Z,2026-08-08T20:56:18.727Z,121,pass,data masuk PDDikti,terkirim ke PDDikti,,,20210007,,Mitra Pradana,,,,,,,,,,,,,dilaporkan,,,,run=alur-penuh-auto29-r2-20260809
fullflow_primary_r2,first_pass,34,F02,integrasi,alur_penuh,2026-08-08T20:56:18.729Z,2026-08-08T20:56:18.846Z,117,pass,status eligible,eligible,,,20210007,,Mitra Pradana,,,,,,,,,,,,,,eligible,,,run=alur-penuh-auto29-r2-20260809
fullflow_primary_r2,first_pass,35,F03,integrasi,alur_penuh,2026-08-08T20:56:18.847Z,2026-08-08T20:56:19.158Z,311,pass,NINA terbit,040410582605006,,,20210007,040410582605006,Mitra Pradana,7,,,,,,,,,,aktif,,,,,,run=alur-penuh-auto29-r2-20260809
fullflow_primary_r2,first_pass,36,F04,kriptografi,alur_penuh,2026-08-08T20:56:19.159Z,2026-08-08T20:56:20.213Z,1054,pass,PDF terbentuk,PDF terbentuk,,,20210007,040410582605006,Mitra Pradana,,,,,,,,,,,,,,,,,run=alur-penuh-auto29-r2-20260809; pdf=generated-ijazah/ijazah-7-1786222580092.pdf
fullflow_primary_r2,first_pass,37,F05,kriptografi,alur_penuh,2026-08-08T20:56:20.214Z,2026-08-08T20:56:27.223Z,7009,pass,CID diperoleh,bafkreibwk3qongd273nqoducrtqw7cprryfwi6y6wruucfe3qf6epmg7h4,,,20210007,040410582605006,Mitra Pradana,,bafkreibwk3qongd273nqoducrtqw7cprryfwi6y6wruucfe3qf6epmg7h4,,,,,,,,,,,,,,,run=alur-penuh-auto29-r2-20260809
fullflow_primary_r2,first_pass,38,F07,smart_contract,alur_penuh,2026-08-08T20:56:27.224Z,2026-08-08T20:56:29.301Z,2077,pass,token terbit,token 1006,,,20210007,040410582605006,Mitra Pradana,,bafkreibwk3qongd273nqoducrtqw7cprryfwi6y6wruucfe3qf6epmg7h4,,0xd3362beffa14b7e9c442cf386418f0f012a463c28969a5b5e40c8a1335e756f1,,,1006,,,,,aktif,,,,,run=alur-penuh-auto29-r2-20260809
fullflow_primary_r2,first_pass,39,F08,verifikasi,alur_penuh,2026-08-08T20:56:29.302Z,2026-08-08T20:56:30.578Z,1276,pass,valid,valid,,,20210007,040410582605006,Mitra Pradana,,bafkreibwk3qongd273nqoducrtqw7cprryfwi6y6wruucfe3qf6epmg7h4,,,,,1006,,,,,,,,valid,live,run=alur-penuh-auto29-r2-20260809; sivil=http://localhost:8001/verifikasi?nina=040410582605006&nama=Mitra%20Pradana
fullflow_primary_r2,first_pass,40,F01,integrasi,alur_penuh,2026-08-08T20:56:30.597Z,2026-08-08T20:56:30.731Z,134,pass,data masuk PDDikti,terkirim ke PDDikti,,,20210008,,Siska Utama,,,,,,,,,,,,,dilaporkan,,,,run=alur-penuh-auto29-r2-20260809
fullflow_primary_r2,first_pass,41,F02,integrasi,alur_penuh,2026-08-08T20:56:30.732Z,2026-08-08T20:56:30.853Z,121,pass,status eligible,eligible,,,20210008,,Siska Utama,,,,,,,,,,,,,,eligible,,,run=alur-penuh-auto29-r2-20260809
fullflow_primary_r2,first_pass,42,F03,integrasi,alur_penuh,2026-08-08T20:56:30.854Z,2026-08-08T20:56:31.150Z,296,pass,NINA terbit,040410582605007,,,20210008,040410582605007,Siska Utama,8,,,,,,,,,,aktif,,,,,,run=alur-penuh-auto29-r2-20260809
fullflow_primary_r2,first_pass,43,F04,kriptografi,alur_penuh,2026-08-08T20:56:31.151Z,2026-08-08T20:56:32.126Z,975,pass,PDF terbentuk,PDF terbentuk,,,20210008,040410582605007,Siska Utama,,,,,,,,,,,,,,,,,run=alur-penuh-auto29-r2-20260809; pdf=generated-ijazah/ijazah-8-1786222592060.pdf
fullflow_primary_r2,first_pass,44,F05,kriptografi,alur_penuh,2026-08-08T20:56:32.127Z,2026-08-08T20:56:39.553Z,7426,pass,CID diperoleh,bafkreibesawhh5xjrvaiknaldo2rtvwpzmako2jo7k7f5ygsvbcsh7n3kq,,,20210008,040410582605007,Siska Utama,,bafkreibesawhh5xjrvaiknaldo2rtvwpzmako2jo7k7f5ygsvbcsh7n3kq,,,,,,,,,,,,,,,run=alur-penuh-auto29-r2-20260809
fullflow_primary_r2,first_pass,45,F07,smart_contract,alur_penuh,2026-08-08T20:56:39.555Z,2026-08-08T20:56:43.629Z,4074,pass,token terbit,token 1007,,,20210008,040410582605007,Siska Utama,,bafkreibesawhh5xjrvaiknaldo2rtvwpzmako2jo7k7f5ygsvbcsh7n3kq,,0x15b54b63e14650e98d8e1a409b67512707c5ae5152cc5fead8b899cc94da3a39,,,1007,,,,,aktif,,,,,run=alur-penuh-auto29-r2-20260809
fullflow_primary_r2,first_pass,46,F08,verifikasi,alur_penuh,2026-08-08T20:56:43.630Z,2026-08-08T20:56:44.864Z,1234,pass,valid,valid,,,20210008,040410582605007,Siska Utama,,bafkreibesawhh5xjrvaiknaldo2rtvwpzmako2jo7k7f5ygsvbcsh7n3kq,,,,,1007,,,,,,,,valid,live,run=alur-penuh-auto29-r2-20260809; sivil=http://localhost:8001/verifikasi?nina=040410582605007&nama=Siska%20Utama
fullflow_primary_r2,first_pass,47,F01,integrasi,alur_penuh,2026-08-08T20:56:44.883Z,2026-08-08T20:56:44.997Z,114,pass,data masuk PDDikti,terkirim ke PDDikti,,,20210009,,Lulut Usada,,,,,,,,,,,,,dilaporkan,,,,run=alur-penuh-auto29-r2-20260809
fullflow_primary_r2,first_pass,48,F02,integrasi,alur_penuh,2026-08-08T20:56:44.998Z,2026-08-08T20:56:45.132Z,134,pass,status eligible,eligible,,,20210009,,Lulut Usada,,,,,,,,,,,,,,eligible,,,run=alur-penuh-auto29-r2-20260809
fullflow_primary_r2,first_pass,49,F03,integrasi,alur_penuh,2026-08-08T20:56:45.133Z,2026-08-08T20:56:45.397Z,264,pass,NINA terbit,040410582605008,,,20210009,040410582605008,Lulut Usada,9,,,,,,,,,,aktif,,,,,,run=alur-penuh-auto29-r2-20260809
fullflow_primary_r2,first_pass,50,F04,kriptografi,alur_penuh,2026-08-08T20:56:45.398Z,2026-08-08T20:56:46.592Z,1194,pass,PDF terbentuk,PDF terbentuk,,,20210009,040410582605008,Lulut Usada,,,,,,,,,,,,,,,,,run=alur-penuh-auto29-r2-20260809; pdf=generated-ijazah/ijazah-9-1786222606520.pdf
fullflow_primary_r2,first_pass,51,F05,kriptografi,alur_penuh,2026-08-08T20:56:46.593Z,2026-08-08T20:56:55.380Z,8787,pass,CID diperoleh,bafkreiew3fjyszuxer7ilewesa2vqzqvttwkt6geppng7vdtbsgrek5tri,,,20210009,040410582605008,Lulut Usada,,bafkreiew3fjyszuxer7ilewesa2vqzqvttwkt6geppng7vdtbsgrek5tri,,,,,,,,,,,,,,,run=alur-penuh-auto29-r2-20260809
fullflow_primary_r2,first_pass,52,F07,smart_contract,alur_penuh,2026-08-08T20:56:55.381Z,2026-08-08T20:56:57.325Z,1944,pass,token terbit,token 1008,,,20210009,040410582605008,Lulut Usada,,bafkreiew3fjyszuxer7ilewesa2vqzqvttwkt6geppng7vdtbsgrek5tri,,0x473e67c3bd45c980f156a3cdf2a64925e9c1dba5cbca30c6a1a997c069131850,,,1008,,,,,aktif,,,,,run=alur-penuh-auto29-r2-20260809
fullflow_primary_r2,first_pass,53,F08,verifikasi,alur_penuh,2026-08-08T20:56:57.327Z,2026-08-08T20:56:58.331Z,1004,pass,valid,valid,,,20210009,040410582605008,Lulut Usada,,bafkreiew3fjyszuxer7ilewesa2vqzqvttwkt6geppng7vdtbsgrek5tri,,,,,1008,,,,,,,,valid,live,run=alur-penuh-auto29-r2-20260809; sivil=http://localhost:8001/verifikasi?nina=040410582605008&nama=Lulut%20Usada
fullflow_primary_r2,first_pass,54,F01,integrasi,alur_penuh,2026-08-08T20:56:58.353Z,2026-08-08T20:56:58.527Z,174,pass,data masuk PDDikti,terkirim ke PDDikti,,,20210010,,Mahdi Simbolon,,,,,,,,,,,,,dilaporkan,,,,run=alur-penuh-auto29-r2-20260809
fullflow_primary_r2,first_pass,55,F02,integrasi,alur_penuh,2026-08-08T20:56:58.529Z,2026-08-08T20:56:58.714Z,185,pass,status eligible,eligible,,,20210010,,Mahdi Simbolon,,,,,,,,,,,,,,eligible,,,run=alur-penuh-auto29-r2-20260809
fullflow_primary_r2,first_pass,56,F03,integrasi,alur_penuh,2026-08-08T20:56:58.715Z,2026-08-08T20:56:59.084Z,369,pass,NINA terbit,040410582605009,,,20210010,040410582605009,Mahdi Simbolon,10,,,,,,,,,,aktif,,,,,,run=alur-penuh-auto29-r2-20260809
fullflow_primary_r2,first_pass,57,F04,kriptografi,alur_penuh,2026-08-08T20:56:59.085Z,2026-08-08T20:57:00.157Z,1072,pass,PDF terbentuk,PDF terbentuk,,,20210010,040410582605009,Mahdi Simbolon,,,,,,,,,,,,,,,,,run=alur-penuh-auto29-r2-20260809; pdf=generated-ijazah/ijazah-10-1786222620070.pdf
fullflow_primary_r2,first_pass,58,F05,kriptografi,alur_penuh,2026-08-08T20:57:00.159Z,2026-08-08T20:57:07.696Z,7537,pass,CID diperoleh,bafkreigfa6355cpoxu5nozzqj3cksred4fhdefwidclqrmqywxjmncxkve,,,20210010,040410582605009,Mahdi Simbolon,,bafkreigfa6355cpoxu5nozzqj3cksred4fhdefwidclqrmqywxjmncxkve,,,,,,,,,,,,,,,run=alur-penuh-auto29-r2-20260809
fullflow_primary_r2,first_pass,59,F07,smart_contract,alur_penuh,2026-08-08T20:57:07.697Z,2026-08-08T20:57:10.219Z,2522,pass,token terbit,token 1009,,,20210010,040410582605009,Mahdi Simbolon,,bafkreigfa6355cpoxu5nozzqj3cksred4fhdefwidclqrmqywxjmncxkve,,0x3d2af74e1416f06eef7c1803dd40dcc3e8d5ff563a3cdcda17391f7185615439,,,1009,,,,,aktif,,,,,run=alur-penuh-auto29-r2-20260809
fullflow_primary_r2,first_pass,60,F08,verifikasi,alur_penuh,2026-08-08T20:57:10.220Z,2026-08-08T20:57:11.447Z,1227,pass,valid,valid,,,20210010,040410582605009,Mahdi Simbolon,,bafkreigfa6355cpoxu5nozzqj3cksred4fhdefwidclqrmqywxjmncxkve,,,,,1009,,,,,,,,valid,live,run=alur-penuh-auto29-r2-20260809; sivil=http://localhost:8001/verifikasi?nina=040410582605009&nama=Mahdi%20Simbolon
fullflow_primary_r2,first_pass,61,F01,integrasi,alur_penuh,2026-08-08T20:57:11.466Z,2026-08-08T20:57:11.569Z,103,pass,data masuk PDDikti,terkirim ke PDDikti,,,20210011,,Bella Prabowo,,,,,,,,,,,,,dilaporkan,,,,run=alur-penuh-auto29-r2-20260809
fullflow_primary_r2,first_pass,62,F02,integrasi,alur_penuh,2026-08-08T20:57:11.571Z,2026-08-08T20:57:11.669Z,98,pass,status eligible,eligible,,,20210011,,Bella Prabowo,,,,,,,,,,,,,,eligible,,,run=alur-penuh-auto29-r2-20260809
fullflow_primary_r2,first_pass,63,F03,integrasi,alur_penuh,2026-08-08T20:57:11.670Z,2026-08-08T20:57:11.904Z,234,pass,NINA terbit,040410582605010,,,20210011,040410582605010,Bella Prabowo,11,,,,,,,,,,aktif,,,,,,run=alur-penuh-auto29-r2-20260809
fullflow_primary_r2,first_pass,64,F04,kriptografi,alur_penuh,2026-08-08T20:57:11.905Z,2026-08-08T20:57:12.881Z,976,pass,PDF terbentuk,PDF terbentuk,,,20210011,040410582605010,Bella Prabowo,,,,,,,,,,,,,,,,,run=alur-penuh-auto29-r2-20260809; pdf=generated-ijazah/ijazah-11-1786222632822.pdf
fullflow_primary_r2,first_pass,65,F05,kriptografi,alur_penuh,2026-08-08T20:57:12.883Z,2026-08-08T20:57:19.871Z,6988,pass,CID diperoleh,bafkreiaqlovrwfbw2hpvkzkch6geg6kizl6zdppwm6lyednamufnbcoqzu,,,20210011,040410582605010,Bella Prabowo,,bafkreiaqlovrwfbw2hpvkzkch6geg6kizl6zdppwm6lyednamufnbcoqzu,,,,,,,,,,,,,,,run=alur-penuh-auto29-r2-20260809
fullflow_primary_r2,first_pass,66,F07,smart_contract,alur_penuh,2026-08-08T20:57:19.873Z,2026-08-08T20:57:22.226Z,2353,pass,token terbit,token 1010,,,20210011,040410582605010,Bella Prabowo,,bafkreiaqlovrwfbw2hpvkzkch6geg6kizl6zdppwm6lyednamufnbcoqzu,,0xfc7d74521191bcd8a215a211449984d21eeeb208dc70a71fcd0d070e5590a294,,,1010,,,,,aktif,,,,,run=alur-penuh-auto29-r2-20260809
fullflow_primary_r2,first_pass,67,F08,verifikasi,alur_penuh,2026-08-08T20:57:22.228Z,2026-08-08T20:57:23.498Z,1270,pass,valid,valid,,,20210011,040410582605010,Bella Prabowo,,bafkreiaqlovrwfbw2hpvkzkch6geg6kizl6zdppwm6lyednamufnbcoqzu,,,,,1010,,,,,,,,valid,live,run=alur-penuh-auto29-r2-20260809; sivil=http://localhost:8001/verifikasi?nina=040410582605010&nama=Bella%20Prabowo
fullflow_primary_r2,first_pass,68,F01,integrasi,alur_penuh,2026-08-08T20:57:23.516Z,2026-08-08T20:57:23.614Z,98,pass,data masuk PDDikti,terkirim ke PDDikti,,,20210012,,Lala Yuniar,,,,,,,,,,,,,dilaporkan,,,,run=alur-penuh-auto29-r2-20260809
fullflow_primary_r2,first_pass,69,F02,integrasi,alur_penuh,2026-08-08T20:57:23.615Z,2026-08-08T20:57:23.708Z,93,pass,status eligible,eligible,,,20210012,,Lala Yuniar,,,,,,,,,,,,,,eligible,,,run=alur-penuh-auto29-r2-20260809
fullflow_primary_r2,first_pass,70,F03,integrasi,alur_penuh,2026-08-08T20:57:23.710Z,2026-08-08T20:57:23.977Z,267,pass,NINA terbit,040410582605011,,,20210012,040410582605011,Lala Yuniar,12,,,,,,,,,,aktif,,,,,,run=alur-penuh-auto29-r2-20260809
fullflow_primary_r2,first_pass,71,F04,kriptografi,alur_penuh,2026-08-08T20:57:23.979Z,2026-08-08T20:57:25.097Z,1118,pass,PDF terbentuk,PDF terbentuk,,,20210012,040410582605011,Lala Yuniar,,,,,,,,,,,,,,,,,run=alur-penuh-auto29-r2-20260809; pdf=generated-ijazah/ijazah-12-1786222645026.pdf
fullflow_primary_r2,first_pass,72,F05,kriptografi,alur_penuh,2026-08-08T20:57:25.098Z,2026-08-08T20:57:33.698Z,8600,pass,CID diperoleh,bafkreie5mqac7d522fmidanr3s5axeazvztfrpqidi5gmaxfaonm7uupdq,,,20210012,040410582605011,Lala Yuniar,,bafkreie5mqac7d522fmidanr3s5axeazvztfrpqidi5gmaxfaonm7uupdq,,,,,,,,,,,,,,,run=alur-penuh-auto29-r2-20260809
fullflow_primary_r2,first_pass,73,F07,smart_contract,alur_penuh,2026-08-08T20:57:33.699Z,2026-08-08T20:57:36.172Z,2473,pass,token terbit,token 1011,,,20210012,040410582605011,Lala Yuniar,,bafkreie5mqac7d522fmidanr3s5axeazvztfrpqidi5gmaxfaonm7uupdq,,0x445d6bc06354b7e7a17b67d58f4e090ec2e8f77d6151473859df57befc3567bb,,,1011,,,,,aktif,,,,,run=alur-penuh-auto29-r2-20260809
fullflow_primary_r2,first_pass,74,F08,verifikasi,alur_penuh,2026-08-08T20:57:36.173Z,2026-08-08T20:57:37.444Z,1271,pass,valid,valid,,,20210012,040410582605011,Lala Yuniar,,bafkreie5mqac7d522fmidanr3s5axeazvztfrpqidi5gmaxfaonm7uupdq,,,,,1011,,,,,,,,valid,live,run=alur-penuh-auto29-r2-20260809; sivil=http://localhost:8001/verifikasi?nina=040410582605011&nama=Lala%20Yuniar
fullflow_primary_r2,first_pass,75,F01,integrasi,alur_penuh,2026-08-08T20:57:37.463Z,2026-08-08T20:57:37.678Z,215,pass,data masuk PDDikti,terkirim ke PDDikti,,,20210013,,Restu Wacana,,,,,,,,,,,,,dilaporkan,,,,run=alur-penuh-auto29-r2-20260809
fullflow_primary_r2,first_pass,76,F02,integrasi,alur_penuh,2026-08-08T20:57:37.679Z,2026-08-08T20:57:37.765Z,86,pass,status eligible,eligible,,,20210013,,Restu Wacana,,,,,,,,,,,,,,eligible,,,run=alur-penuh-auto29-r2-20260809
fullflow_primary_r2,first_pass,77,F03,integrasi,alur_penuh,2026-08-08T20:57:37.766Z,2026-08-08T20:57:37.991Z,225,pass,NINA terbit,040410582605012,,,20210013,040410582605012,Restu Wacana,13,,,,,,,,,,aktif,,,,,,run=alur-penuh-auto29-r2-20260809
fullflow_primary_r2,first_pass,78,F04,kriptografi,alur_penuh,2026-08-08T20:57:37.992Z,2026-08-08T20:57:38.789Z,797,pass,PDF terbentuk,PDF terbentuk,,,20210013,040410582605012,Restu Wacana,,,,,,,,,,,,,,,,,run=alur-penuh-auto29-r2-20260809; pdf=generated-ijazah/ijazah-13-1786222658743.pdf
fullflow_primary_r2,first_pass,79,F05,kriptografi,alur_penuh,2026-08-08T20:57:38.790Z,2026-08-08T20:57:46.038Z,7248,pass,CID diperoleh,bafkreie3cvqv7mxv7zojgpixoevm4gxyqneyvgkjn5wxwowdm4ysubocmq,,,20210013,040410582605012,Restu Wacana,,bafkreie3cvqv7mxv7zojgpixoevm4gxyqneyvgkjn5wxwowdm4ysubocmq,,,,,,,,,,,,,,,run=alur-penuh-auto29-r2-20260809
fullflow_primary_r2,first_pass,80,F07,smart_contract,alur_penuh,2026-08-08T20:57:46.039Z,2026-08-08T20:57:48.450Z,2411,pass,token terbit,token 1012,,,20210013,040410582605012,Restu Wacana,,bafkreie3cvqv7mxv7zojgpixoevm4gxyqneyvgkjn5wxwowdm4ysubocmq,,0xfa2e43fc2afc1798a259cb4a85b0a4fca1f5e61682ed14a48874955691645ee0,,,1012,,,,,aktif,,,,,run=alur-penuh-auto29-r2-20260809
fullflow_primary_r2,first_pass,81,F08,verifikasi,alur_penuh,2026-08-08T20:57:48.450Z,2026-08-08T20:57:49.966Z,1516,pass,valid,valid,,,20210013,040410582605012,Restu Wacana,,bafkreie3cvqv7mxv7zojgpixoevm4gxyqneyvgkjn5wxwowdm4ysubocmq,,,,,1012,,,,,,,,valid,live,run=alur-penuh-auto29-r2-20260809; sivil=http://localhost:8001/verifikasi?nina=040410582605012&nama=Restu%20Wacana
fullflow_primary_r2,first_pass,82,F01,integrasi,alur_penuh,2026-08-08T20:57:49.983Z,2026-08-08T20:57:50.083Z,100,pass,data masuk PDDikti,terkirim ke PDDikti,,,20210014,,Candra Utami,,,,,,,,,,,,,dilaporkan,,,,run=alur-penuh-auto29-r2-20260809
fullflow_primary_r2,first_pass,83,F02,integrasi,alur_penuh,2026-08-08T20:57:50.084Z,2026-08-08T20:57:50.186Z,102,pass,status eligible,eligible,,,20210014,,Candra Utami,,,,,,,,,,,,,,eligible,,,run=alur-penuh-auto29-r2-20260809
fullflow_primary_r2,first_pass,84,F03,integrasi,alur_penuh,2026-08-08T20:57:50.187Z,2026-08-08T20:57:50.458Z,271,pass,NINA terbit,040410582605013,,,20210014,040410582605013,Candra Utami,14,,,,,,,,,,aktif,,,,,,run=alur-penuh-auto29-r2-20260809
fullflow_primary_r2,first_pass,85,F04,kriptografi,alur_penuh,2026-08-08T20:57:50.459Z,2026-08-08T20:57:51.393Z,934,pass,PDF terbentuk,PDF terbentuk,,,20210014,040410582605013,Candra Utami,,,,,,,,,,,,,,,,,run=alur-penuh-auto29-r2-20260809; pdf=generated-ijazah/ijazah-14-1786222671342.pdf
fullflow_primary_r2,first_pass,86,F05,kriptografi,alur_penuh,2026-08-08T20:57:51.394Z,2026-08-08T20:57:59.373Z,7979,pass,CID diperoleh,bafkreias6b3pmeo3eezic7rke4k3oco2orip3slkriavgpmanf5tynqjma,,,20210014,040410582605013,Candra Utami,,bafkreias6b3pmeo3eezic7rke4k3oco2orip3slkriavgpmanf5tynqjma,,,,,,,,,,,,,,,run=alur-penuh-auto29-r2-20260809
fullflow_primary_r2,first_pass,87,F07,smart_contract,alur_penuh,2026-08-08T20:57:59.375Z,2026-08-08T20:58:01.362Z,1987,pass,token terbit,token 1013,,,20210014,040410582605013,Candra Utami,,bafkreias6b3pmeo3eezic7rke4k3oco2orip3slkriavgpmanf5tynqjma,,0x54c97f49096a4ab41b8418cdd91881e47bba753d87474064cdcc0ce7b4c82284,,,1013,,,,,aktif,,,,,run=alur-penuh-auto29-r2-20260809
fullflow_primary_r2,first_pass,88,F08,verifikasi,alur_penuh,2026-08-08T20:58:01.363Z,2026-08-08T20:58:02.561Z,1198,pass,valid,valid,,,20210014,040410582605013,Candra Utami,,bafkreias6b3pmeo3eezic7rke4k3oco2orip3slkriavgpmanf5tynqjma,,,,,1013,,,,,,,,valid,live,run=alur-penuh-auto29-r2-20260809; sivil=http://localhost:8001/verifikasi?nina=040410582605013&nama=Candra%20Utami
fullflow_primary_r2,first_pass,89,F01,integrasi,alur_penuh,2026-08-08T20:58:02.578Z,2026-08-08T20:58:02.683Z,105,pass,data masuk PDDikti,terkirim ke PDDikti,,,20210015,,Paris Ramadan,,,,,,,,,,,,,dilaporkan,,,,run=alur-penuh-auto29-r2-20260809
fullflow_primary_r2,first_pass,90,F02,integrasi,alur_penuh,2026-08-08T20:58:02.684Z,2026-08-08T20:58:02.771Z,87,pass,status eligible,eligible,,,20210015,,Paris Ramadan,,,,,,,,,,,,,,eligible,,,run=alur-penuh-auto29-r2-20260809
fullflow_primary_r2,first_pass,91,F03,integrasi,alur_penuh,2026-08-08T20:58:02.773Z,2026-08-08T20:58:02.984Z,211,pass,NINA terbit,040410582605014,,,20210015,040410582605014,Paris Ramadan,15,,,,,,,,,,aktif,,,,,,run=alur-penuh-auto29-r2-20260809
fullflow_primary_r2,first_pass,92,F04,kriptografi,alur_penuh,2026-08-08T20:58:03.010Z,2026-08-08T20:58:03.829Z,819,pass,PDF terbentuk,PDF terbentuk,,,20210015,040410582605014,Paris Ramadan,,,,,,,,,,,,,,,,,run=alur-penuh-auto29-r2-20260809; pdf=generated-ijazah/ijazah-15-1786222683763.pdf
fullflow_primary_r2,first_pass,93,F05,kriptografi,alur_penuh,2026-08-08T20:58:03.831Z,2026-08-08T20:58:10.997Z,7166,pass,CID diperoleh,bafkreifl53qpnjy6lh7vc5pxu2otmuzdgpkukth3rtech2c4kjaepkh5za,,,20210015,040410582605014,Paris Ramadan,,bafkreifl53qpnjy6lh7vc5pxu2otmuzdgpkukth3rtech2c4kjaepkh5za,,,,,,,,,,,,,,,run=alur-penuh-auto29-r2-20260809
fullflow_primary_r2,first_pass,94,F07,smart_contract,alur_penuh,2026-08-08T20:58:10.998Z,2026-08-08T20:58:13.175Z,2177,pass,token terbit,token 1014,,,20210015,040410582605014,Paris Ramadan,,bafkreifl53qpnjy6lh7vc5pxu2otmuzdgpkukth3rtech2c4kjaepkh5za,,0x0eec73f35f5f98a0d4ca16007831f9e5d1e83a1c9f7cca43b53f7124b73bf698,,,1014,,,,,aktif,,,,,run=alur-penuh-auto29-r2-20260809
fullflow_primary_r2,first_pass,95,F08,verifikasi,alur_penuh,2026-08-08T20:58:13.176Z,2026-08-08T20:58:13.909Z,733,pass,valid,valid,,,20210015,040410582605014,Paris Ramadan,,bafkreifl53qpnjy6lh7vc5pxu2otmuzdgpkukth3rtech2c4kjaepkh5za,,,,,1014,,,,,,,,valid,live,run=alur-penuh-auto29-r2-20260809; sivil=http://localhost:8001/verifikasi?nina=040410582605014&nama=Paris%20Ramadan
fullflow_primary_r2,first_pass,96,F01,integrasi,alur_penuh,2026-08-08T20:58:13.926Z,2026-08-08T20:58:14.016Z,90,pass,data masuk PDDikti,terkirim ke PDDikti,,,20210016,,Vivi Yuniar,,,,,,,,,,,,,dilaporkan,,,,run=alur-penuh-auto29-r2-20260809
fullflow_primary_r2,first_pass,97,F02,integrasi,alur_penuh,2026-08-08T20:58:14.018Z,2026-08-08T20:58:14.114Z,96,pass,status eligible,eligible,,,20210016,,Vivi Yuniar,,,,,,,,,,,,,,eligible,,,run=alur-penuh-auto29-r2-20260809
fullflow_primary_r2,first_pass,98,F03,integrasi,alur_penuh,2026-08-08T20:58:14.116Z,2026-08-08T20:58:14.308Z,192,pass,NINA terbit,040410582605015,,,20210016,040410582605015,Vivi Yuniar,16,,,,,,,,,,aktif,,,,,,run=alur-penuh-auto29-r2-20260809
fullflow_primary_r2,first_pass,99,F04,kriptografi,alur_penuh,2026-08-08T20:58:14.310Z,2026-08-08T20:58:15.237Z,927,pass,PDF terbentuk,PDF terbentuk,,,20210016,040410582605015,Vivi Yuniar,,,,,,,,,,,,,,,,,run=alur-penuh-auto29-r2-20260809; pdf=generated-ijazah/ijazah-16-1786222695194.pdf
fullflow_primary_r2,first_pass,100,F05,kriptografi,alur_penuh,2026-08-08T20:58:15.239Z,2026-08-08T20:58:23.510Z,8271,pass,CID diperoleh,bafkreia3feidddy4tdvro35ll7jjyffcjn6hd2motoed5kndwbxhgeixke,,,20210016,040410582605015,Vivi Yuniar,,bafkreia3feidddy4tdvro35ll7jjyffcjn6hd2motoed5kndwbxhgeixke,,,,,,,,,,,,,,,run=alur-penuh-auto29-r2-20260809
fullflow_primary_r2,first_pass,101,F07,smart_contract,alur_penuh,2026-08-08T20:58:23.513Z,2026-08-08T20:58:26.276Z,2763,pass,token terbit,token 1015,,,20210016,040410582605015,Vivi Yuniar,,bafkreia3feidddy4tdvro35ll7jjyffcjn6hd2motoed5kndwbxhgeixke,,0x4c97b8962aff0c6063645f949475f9bb216416a1cbd743868b3feb8489e872dc,,,1015,,,,,aktif,,,,,run=alur-penuh-auto29-r2-20260809
fullflow_primary_r2,first_pass,102,F08,verifikasi,alur_penuh,2026-08-08T20:58:26.278Z,2026-08-08T20:58:27.340Z,1062,pass,valid,valid,,,20210016,040410582605015,Vivi Yuniar,,bafkreia3feidddy4tdvro35ll7jjyffcjn6hd2motoed5kndwbxhgeixke,,,,,1015,,,,,,,,valid,live,run=alur-penuh-auto29-r2-20260809; sivil=http://localhost:8001/verifikasi?nina=040410582605015&nama=Vivi%20Yuniar
fullflow_primary_r2,first_pass,103,F01,integrasi,alur_penuh,2026-08-08T20:58:27.357Z,2026-08-08T20:58:27.454Z,97,pass,data masuk PDDikti,terkirim ke PDDikti,,,20210017,,Olivia Nugroho,,,,,,,,,,,,,dilaporkan,,,,run=alur-penuh-auto29-r2-20260809
fullflow_primary_r2,first_pass,104,F02,integrasi,alur_penuh,2026-08-08T20:58:27.455Z,2026-08-08T20:58:27.531Z,76,pass,status eligible,eligible,,,20210017,,Olivia Nugroho,,,,,,,,,,,,,,eligible,,,run=alur-penuh-auto29-r2-20260809
fullflow_primary_r2,first_pass,105,F03,integrasi,alur_penuh,2026-08-08T20:58:27.533Z,2026-08-08T20:58:27.718Z,185,pass,NINA terbit,040410582605016,,,20210017,040410582605016,Olivia Nugroho,17,,,,,,,,,,aktif,,,,,,run=alur-penuh-auto29-r2-20260809
fullflow_primary_r2,first_pass,106,F04,kriptografi,alur_penuh,2026-08-08T20:58:27.720Z,2026-08-08T20:58:28.482Z,762,pass,PDF terbentuk,PDF terbentuk,,,20210017,040410582605016,Olivia Nugroho,,,,,,,,,,,,,,,,,run=alur-penuh-auto29-r2-20260809; pdf=generated-ijazah/ijazah-17-1786222708422.pdf
fullflow_primary_r2,first_pass,107,F05,kriptografi,alur_penuh,2026-08-08T20:58:28.484Z,2026-08-08T20:58:36.718Z,8234,pass,CID diperoleh,bafkreihx5tw4trse2kurljbp7xgwzuq4qkzmcoadaz6hderb7fg3w4xiyi,,,20210017,040410582605016,Olivia Nugroho,,bafkreihx5tw4trse2kurljbp7xgwzuq4qkzmcoadaz6hderb7fg3w4xiyi,,,,,,,,,,,,,,,run=alur-penuh-auto29-r2-20260809
fullflow_primary_r2,first_pass,108,F07,smart_contract,alur_penuh,2026-08-08T20:58:36.721Z,2026-08-08T20:58:39.412Z,2691,pass,token terbit,token 1016,,,20210017,040410582605016,Olivia Nugroho,,bafkreihx5tw4trse2kurljbp7xgwzuq4qkzmcoadaz6hderb7fg3w4xiyi,,0xe8aef0b19b3df9d45eef9e5e9c05d58c5b4ccb58a7fda6bff781409a186d00aa,,,1016,,,,,aktif,,,,,run=alur-penuh-auto29-r2-20260809
fullflow_primary_r2,first_pass,109,F08,verifikasi,alur_penuh,2026-08-08T20:58:39.413Z,2026-08-08T20:58:40.310Z,897,pass,valid,valid,,,20210017,040410582605016,Olivia Nugroho,,bafkreihx5tw4trse2kurljbp7xgwzuq4qkzmcoadaz6hderb7fg3w4xiyi,,,,,1016,,,,,,,,valid,live,run=alur-penuh-auto29-r2-20260809; sivil=http://localhost:8001/verifikasi?nina=040410582605016&nama=Olivia%20Nugroho
fullflow_primary_r2,first_pass,110,F01,integrasi,alur_penuh,2026-08-08T20:58:40.327Z,2026-08-08T20:58:40.398Z,71,pass,data masuk PDDikti,terkirim ke PDDikti,,,20210018,,Candra Wahyudin,,,,,,,,,,,,,dilaporkan,,,,run=alur-penuh-auto29-r2-20260809
fullflow_primary_r2,first_pass,111,F02,integrasi,alur_penuh,2026-08-08T20:58:40.399Z,2026-08-08T20:58:40.468Z,69,pass,status eligible,eligible,,,20210018,,Candra Wahyudin,,,,,,,,,,,,,,eligible,,,run=alur-penuh-auto29-r2-20260809
fullflow_primary_r2,first_pass,112,F03,integrasi,alur_penuh,2026-08-08T20:58:40.469Z,2026-08-08T20:58:40.647Z,178,pass,NINA terbit,040410582605017,,,20210018,040410582605017,Candra Wahyudin,18,,,,,,,,,,aktif,,,,,,run=alur-penuh-auto29-r2-20260809
fullflow_primary_r2,first_pass,113,F04,kriptografi,alur_penuh,2026-08-08T20:58:40.649Z,2026-08-08T20:58:41.349Z,700,pass,PDF terbentuk,PDF terbentuk,,,20210018,040410582605017,Candra Wahyudin,,,,,,,,,,,,,,,,,run=alur-penuh-auto29-r2-20260809; pdf=generated-ijazah/ijazah-18-1786222721297.pdf
fullflow_primary_r2,first_pass,114,F05,kriptografi,alur_penuh,2026-08-08T20:58:41.351Z,2026-08-08T20:58:48.516Z,7165,pass,CID diperoleh,bafkreihhi6e2sl6cd33ducxhh73nyqvlbf53nk47us2suyhc23sbuyw6ri,,,20210018,040410582605017,Candra Wahyudin,,bafkreihhi6e2sl6cd33ducxhh73nyqvlbf53nk47us2suyhc23sbuyw6ri,,,,,,,,,,,,,,,run=alur-penuh-auto29-r2-20260809
fullflow_primary_r2,first_pass,115,F07,smart_contract,alur_penuh,2026-08-08T20:58:48.517Z,2026-08-08T20:58:50.205Z,1688,pass,token terbit,token 1017,,,20210018,040410582605017,Candra Wahyudin,,bafkreihhi6e2sl6cd33ducxhh73nyqvlbf53nk47us2suyhc23sbuyw6ri,,0xcc73a031ccab7d78a0a6595c8aa533eb30aaad0e66b60ba8f8008e9bf4e118dc,,,1017,,,,,aktif,,,,,run=alur-penuh-auto29-r2-20260809
fullflow_primary_r2,first_pass,116,F08,verifikasi,alur_penuh,2026-08-08T20:58:50.207Z,2026-08-08T20:58:51.624Z,1417,pass,valid,valid,,,20210018,040410582605017,Candra Wahyudin,,bafkreihhi6e2sl6cd33ducxhh73nyqvlbf53nk47us2suyhc23sbuyw6ri,,,,,1017,,,,,,,,valid,live,run=alur-penuh-auto29-r2-20260809; sivil=http://localhost:8001/verifikasi?nina=040410582605017&nama=Candra%20Wahyudin
fullflow_primary_r2,first_pass,117,F01,integrasi,alur_penuh,2026-08-08T20:58:51.644Z,2026-08-08T20:58:51.711Z,67,pass,data masuk PDDikti,terkirim ke PDDikti,,,20210019,,Anita Kusumo,,,,,,,,,,,,,dilaporkan,,,,run=alur-penuh-auto29-r2-20260809
fullflow_primary_r2,first_pass,118,F02,integrasi,alur_penuh,2026-08-08T20:58:51.713Z,2026-08-08T20:58:51.780Z,67,pass,status eligible,eligible,,,20210019,,Anita Kusumo,,,,,,,,,,,,,,eligible,,,run=alur-penuh-auto29-r2-20260809
fullflow_primary_r2,first_pass,119,F03,integrasi,alur_penuh,2026-08-08T20:58:51.782Z,2026-08-08T20:58:51.947Z,165,pass,NINA terbit,040410582605018,,,20210019,040410582605018,Anita Kusumo,19,,,,,,,,,,aktif,,,,,,run=alur-penuh-auto29-r2-20260809
fullflow_primary_r2,first_pass,120,F04,kriptografi,alur_penuh,2026-08-08T20:58:51.949Z,2026-08-08T20:58:52.831Z,882,pass,PDF terbentuk,PDF terbentuk,,,20210019,040410582605018,Anita Kusumo,,,,,,,,,,,,,,,,,run=alur-penuh-auto29-r2-20260809; pdf=generated-ijazah/ijazah-19-1786222732782.pdf
fullflow_primary_r2,first_pass,121,F05,kriptografi,alur_penuh,2026-08-08T20:58:52.833Z,2026-08-08T20:58:59.885Z,7052,pass,CID diperoleh,bafkreihwmi3i6x2ymq4ddwnxwht2fv3kgfjt2i53isqw4wzhwh6eoefz5a,,,20210019,040410582605018,Anita Kusumo,,bafkreihwmi3i6x2ymq4ddwnxwht2fv3kgfjt2i53isqw4wzhwh6eoefz5a,,,,,,,,,,,,,,,run=alur-penuh-auto29-r2-20260809
fullflow_primary_r2,first_pass,122,F07,smart_contract,alur_penuh,2026-08-08T20:58:59.887Z,2026-08-08T20:59:02.186Z,2299,pass,token terbit,token 1018,,,20210019,040410582605018,Anita Kusumo,,bafkreihwmi3i6x2ymq4ddwnxwht2fv3kgfjt2i53isqw4wzhwh6eoefz5a,,0x728bba1d793a26a595758daf247aa8bb7f5d7358a299c3fe8c02f31a7c8d483d,,,1018,,,,,aktif,,,,,run=alur-penuh-auto29-r2-20260809
fullflow_primary_r2,first_pass,123,F08,verifikasi,alur_penuh,2026-08-08T20:59:02.188Z,2026-08-08T20:59:03.358Z,1170,pass,valid,valid,,,20210019,040410582605018,Anita Kusumo,,bafkreihwmi3i6x2ymq4ddwnxwht2fv3kgfjt2i53isqw4wzhwh6eoefz5a,,,,,1018,,,,,,,,valid,live,run=alur-penuh-auto29-r2-20260809; sivil=http://localhost:8001/verifikasi?nina=040410582605018&nama=Anita%20Kusumo
fullflow_primary_r2,first_pass,124,F01,integrasi,alur_penuh,2026-08-08T20:59:03.374Z,2026-08-08T20:59:03.445Z,71,pass,data masuk PDDikti,terkirim ke PDDikti,,,20210020,,Bakiadi Laksita,,,,,,,,,,,,,dilaporkan,,,,run=alur-penuh-auto29-r2-20260809
fullflow_primary_r2,first_pass,125,F02,integrasi,alur_penuh,2026-08-08T20:59:03.447Z,2026-08-08T20:59:03.517Z,70,pass,status eligible,eligible,,,20210020,,Bakiadi Laksita,,,,,,,,,,,,,,eligible,,,run=alur-penuh-auto29-r2-20260809
fullflow_primary_r2,first_pass,126,F03,integrasi,alur_penuh,2026-08-08T20:59:03.519Z,2026-08-08T20:59:03.718Z,199,pass,NINA terbit,040410582605019,,,20210020,040410582605019,Bakiadi Laksita,20,,,,,,,,,,aktif,,,,,,run=alur-penuh-auto29-r2-20260809
fullflow_primary_r2,first_pass,127,F04,kriptografi,alur_penuh,2026-08-08T20:59:03.720Z,2026-08-08T20:59:04.473Z,753,pass,PDF terbentuk,PDF terbentuk,,,20210020,040410582605019,Bakiadi Laksita,,,,,,,,,,,,,,,,,run=alur-penuh-auto29-r2-20260809; pdf=generated-ijazah/ijazah-20-1786222744421.pdf
fullflow_primary_r2,first_pass,128,F05,kriptografi,alur_penuh,2026-08-08T20:59:04.475Z,2026-08-08T20:59:11.791Z,7316,pass,CID diperoleh,bafkreigqef5o5b4voz5nnbyfhpq7cofoqhhrjodkr4qem6pi7aoin4draa,,,20210020,040410582605019,Bakiadi Laksita,,bafkreigqef5o5b4voz5nnbyfhpq7cofoqhhrjodkr4qem6pi7aoin4draa,,,,,,,,,,,,,,,run=alur-penuh-auto29-r2-20260809
fullflow_primary_r2,first_pass,129,F07,smart_contract,alur_penuh,2026-08-08T20:59:11.795Z,2026-08-08T20:59:14.250Z,2455,pass,token terbit,token 1019,,,20210020,040410582605019,Bakiadi Laksita,,bafkreigqef5o5b4voz5nnbyfhpq7cofoqhhrjodkr4qem6pi7aoin4draa,,0x9fa6ef89d1c206f2ba63e64e9f4ce3db783cfa290f365a082bdeb548bc22ae37,,,1019,,,,,aktif,,,,,run=alur-penuh-auto29-r2-20260809
fullflow_primary_r2,first_pass,130,F08,verifikasi,alur_penuh,2026-08-08T20:59:14.252Z,2026-08-08T20:59:15.439Z,1187,pass,valid,valid,,,20210020,040410582605019,Bakiadi Laksita,,bafkreigqef5o5b4voz5nnbyfhpq7cofoqhhrjodkr4qem6pi7aoin4draa,,,,,1019,,,,,,,,valid,live,run=alur-penuh-auto29-r2-20260809; sivil=http://localhost:8001/verifikasi?nina=040410582605019&nama=Bakiadi%20Laksita
fullflow_primary_r2,first_pass,131,F01,integrasi,alur_penuh,2026-08-08T20:59:15.457Z,2026-08-08T20:59:15.530Z,73,pass,data masuk PDDikti,terkirim ke PDDikti,,,20210021,,Pia Marbun,,,,,,,,,,,,,dilaporkan,,,,run=alur-penuh-auto29-r2-20260809
fullflow_primary_r2,first_pass,132,F02,integrasi,alur_penuh,2026-08-08T20:59:15.532Z,2026-08-08T20:59:15.605Z,73,pass,status eligible,eligible,,,20210021,,Pia Marbun,,,,,,,,,,,,,,eligible,,,run=alur-penuh-auto29-r2-20260809
fullflow_primary_r2,first_pass,133,F03,integrasi,alur_penuh,2026-08-08T20:59:15.607Z,2026-08-08T20:59:15.782Z,175,pass,NINA terbit,040410582605020,,,20210021,040410582605020,Pia Marbun,21,,,,,,,,,,aktif,,,,,,run=alur-penuh-auto29-r2-20260809
fullflow_primary_r2,first_pass,134,F04,kriptografi,alur_penuh,2026-08-08T20:59:15.784Z,2026-08-08T20:59:16.544Z,760,pass,PDF terbentuk,PDF terbentuk,,,20210021,040410582605020,Pia Marbun,,,,,,,,,,,,,,,,,run=alur-penuh-auto29-r2-20260809; pdf=generated-ijazah/ijazah-21-1786222756498.pdf
fullflow_primary_r2,first_pass,135,F05,kriptografi,alur_penuh,2026-08-08T20:59:16.546Z,2026-08-08T20:59:23.649Z,7103,pass,CID diperoleh,bafkreiailcfm5ayg6iuf6r3pbfsunmsb4jxxcagsk7dri5s4q2pkofe75m,,,20210021,040410582605020,Pia Marbun,,bafkreiailcfm5ayg6iuf6r3pbfsunmsb4jxxcagsk7dri5s4q2pkofe75m,,,,,,,,,,,,,,,run=alur-penuh-auto29-r2-20260809
fullflow_primary_r2,first_pass,136,F07,smart_contract,alur_penuh,2026-08-08T20:59:23.651Z,2026-08-08T20:59:26.307Z,2656,pass,token terbit,token 1020,,,20210021,040410582605020,Pia Marbun,,bafkreiailcfm5ayg6iuf6r3pbfsunmsb4jxxcagsk7dri5s4q2pkofe75m,,0xa2428cda1da900d2962790eaafab34a020e4c0f27108aca5619e406b8ddb77cf,,,1020,,,,,aktif,,,,,run=alur-penuh-auto29-r2-20260809
fullflow_primary_r2,first_pass,137,F08,verifikasi,alur_penuh,2026-08-08T20:59:26.309Z,2026-08-08T20:59:27.345Z,1036,pass,valid,valid,,,20210021,040410582605020,Pia Marbun,,bafkreiailcfm5ayg6iuf6r3pbfsunmsb4jxxcagsk7dri5s4q2pkofe75m,,,,,1020,,,,,,,,valid,live,run=alur-penuh-auto29-r2-20260809; sivil=http://localhost:8001/verifikasi?nina=040410582605020&nama=Pia%20Marbun
fullflow_primary_r2,first_pass,138,F01,integrasi,alur_penuh,2026-08-08T20:59:27.362Z,2026-08-08T20:59:27.424Z,62,pass,data masuk PDDikti,terkirim ke PDDikti,,,20210022,,Nasab Saragih,,,,,,,,,,,,,dilaporkan,,,,run=alur-penuh-auto29-r2-20260809
fullflow_primary_r2,first_pass,139,F02,integrasi,alur_penuh,2026-08-08T20:59:27.427Z,2026-08-08T20:59:27.490Z,63,pass,status eligible,eligible,,,20210022,,Nasab Saragih,,,,,,,,,,,,,,eligible,,,run=alur-penuh-auto29-r2-20260809
fullflow_primary_r2,first_pass,140,F03,integrasi,alur_penuh,2026-08-08T20:59:27.492Z,2026-08-08T20:59:27.669Z,177,pass,NINA terbit,040410582605021,,,20210022,040410582605021,Nasab Saragih,22,,,,,,,,,,aktif,,,,,,run=alur-penuh-auto29-r2-20260809
fullflow_primary_r2,first_pass,141,F04,kriptografi,alur_penuh,2026-08-08T20:59:27.671Z,2026-08-08T20:59:28.370Z,699,pass,PDF terbentuk,PDF terbentuk,,,20210022,040410582605021,Nasab Saragih,,,,,,,,,,,,,,,,,run=alur-penuh-auto29-r2-20260809; pdf=generated-ijazah/ijazah-22-1786222768328.pdf
fullflow_primary_r2,first_pass,142,F05,kriptografi,alur_penuh,2026-08-08T20:59:28.372Z,2026-08-08T20:59:35.253Z,6881,pass,CID diperoleh,bafkreih4pyplquforrbuztod5t6frmaiuyd5lezj3zm5nublspadjf3rde,,,20210022,040410582605021,Nasab Saragih,,bafkreih4pyplquforrbuztod5t6frmaiuyd5lezj3zm5nublspadjf3rde,,,,,,,,,,,,,,,run=alur-penuh-auto29-r2-20260809
fullflow_primary_r2,first_pass,143,F07,smart_contract,alur_penuh,2026-08-08T20:59:35.256Z,2026-08-08T20:59:37.206Z,1950,pass,token terbit,token 1021,,,20210022,040410582605021,Nasab Saragih,,bafkreih4pyplquforrbuztod5t6frmaiuyd5lezj3zm5nublspadjf3rde,,0x7904d0fa2c7889c0ff29a72ea5c4c1a029d4860e2112fffb6f95d5fcb06ed8e5,,,1021,,,,,aktif,,,,,run=alur-penuh-auto29-r2-20260809
fullflow_primary_r2,first_pass,144,F08,verifikasi,alur_penuh,2026-08-08T20:59:37.207Z,2026-08-08T20:59:38.147Z,940,pass,valid,valid,,,20210022,040410582605021,Nasab Saragih,,bafkreih4pyplquforrbuztod5t6frmaiuyd5lezj3zm5nublspadjf3rde,,,,,1021,,,,,,,,valid,live,run=alur-penuh-auto29-r2-20260809; sivil=http://localhost:8001/verifikasi?nina=040410582605021&nama=Nasab%20Saragih
fullflow_primary_r2,first_pass,145,F01,integrasi,alur_penuh,2026-08-08T20:59:38.164Z,2026-08-08T20:59:38.238Z,74,pass,data masuk PDDikti,terkirim ke PDDikti,,,20210023,,Dirja Prasetyo,,,,,,,,,,,,,dilaporkan,,,,run=alur-penuh-auto29-r2-20260809
fullflow_primary_r2,first_pass,146,F02,integrasi,alur_penuh,2026-08-08T20:59:38.239Z,2026-08-08T20:59:38.304Z,65,pass,status eligible,eligible,,,20210023,,Dirja Prasetyo,,,,,,,,,,,,,,eligible,,,run=alur-penuh-auto29-r2-20260809
fullflow_primary_r2,first_pass,147,F03,integrasi,alur_penuh,2026-08-08T20:59:38.306Z,2026-08-08T20:59:38.486Z,180,pass,NINA terbit,040410582605022,,,20210023,040410582605022,Dirja Prasetyo,23,,,,,,,,,,aktif,,,,,,run=alur-penuh-auto29-r2-20260809
fullflow_primary_r2,first_pass,148,F04,kriptografi,alur_penuh,2026-08-08T20:59:38.488Z,2026-08-08T20:59:39.228Z,740,pass,PDF terbentuk,PDF terbentuk,,,20210023,040410582605022,Dirja Prasetyo,,,,,,,,,,,,,,,,,run=alur-penuh-auto29-r2-20260809; pdf=generated-ijazah/ijazah-23-1786222779176.pdf
fullflow_primary_r2,first_pass,149,F05,kriptografi,alur_penuh,2026-08-08T20:59:39.229Z,2026-08-08T20:59:47.437Z,8208,pass,CID diperoleh,bafkreibmiswazfrksq6g24eiurclkp454a74267bnmo4et5uuwgmr27iiq,,,20210023,040410582605022,Dirja Prasetyo,,bafkreibmiswazfrksq6g24eiurclkp454a74267bnmo4et5uuwgmr27iiq,,,,,,,,,,,,,,,run=alur-penuh-auto29-r2-20260809
fullflow_primary_r2,first_pass,150,F07,smart_contract,alur_penuh,2026-08-08T20:59:47.439Z,2026-08-08T20:59:49.088Z,1649,pass,token terbit,token 1022,,,20210023,040410582605022,Dirja Prasetyo,,bafkreibmiswazfrksq6g24eiurclkp454a74267bnmo4et5uuwgmr27iiq,,0x258f8e8b4acc8df43c8eeba79718d0aed35a92d336e4730c021463fbca080bea,,,1022,,,,,aktif,,,,,run=alur-penuh-auto29-r2-20260809
fullflow_primary_r2,first_pass,151,F08,verifikasi,alur_penuh,2026-08-08T20:59:49.090Z,2026-08-08T20:59:50.092Z,1002,pass,valid,valid,,,20210023,040410582605022,Dirja Prasetyo,,bafkreibmiswazfrksq6g24eiurclkp454a74267bnmo4et5uuwgmr27iiq,,,,,1022,,,,,,,,valid,live,run=alur-penuh-auto29-r2-20260809; sivil=http://localhost:8001/verifikasi?nina=040410582605022&nama=Dirja%20Prasetyo
fullflow_primary_r2,first_pass,152,F01,integrasi,alur_penuh,2026-08-08T20:59:50.111Z,2026-08-08T20:59:50.193Z,82,pass,data masuk PDDikti,terkirim ke PDDikti,,,20210024,,Bagus Usamah,,,,,,,,,,,,,dilaporkan,,,,run=alur-penuh-auto29-r2-20260809
fullflow_primary_r2,first_pass,153,F02,integrasi,alur_penuh,2026-08-08T20:59:50.196Z,2026-08-08T20:59:50.276Z,80,pass,status eligible,eligible,,,20210024,,Bagus Usamah,,,,,,,,,,,,,,eligible,,,run=alur-penuh-auto29-r2-20260809
fullflow_primary_r2,first_pass,154,F03,integrasi,alur_penuh,2026-08-08T20:59:50.278Z,2026-08-08T20:59:50.455Z,177,pass,NINA terbit,040410582605023,,,20210024,040410582605023,Bagus Usamah,24,,,,,,,,,,aktif,,,,,,run=alur-penuh-auto29-r2-20260809
fullflow_primary_r2,first_pass,155,F04,kriptografi,alur_penuh,2026-08-08T20:59:50.457Z,2026-08-08T20:59:51.232Z,775,pass,PDF terbentuk,PDF terbentuk,,,20210024,040410582605023,Bagus Usamah,,,,,,,,,,,,,,,,,run=alur-penuh-auto29-r2-20260809; pdf=generated-ijazah/ijazah-24-1786222791177.pdf
fullflow_primary_r2,first_pass,156,F05,kriptografi,alur_penuh,2026-08-08T20:59:51.234Z,2026-08-08T20:59:58.640Z,7406,pass,CID diperoleh,bafkreiclu5z6einef2zlopqos66sj4hklc3nptaual3oai5gw5ux7ixhta,,,20210024,040410582605023,Bagus Usamah,,bafkreiclu5z6einef2zlopqos66sj4hklc3nptaual3oai5gw5ux7ixhta,,,,,,,,,,,,,,,run=alur-penuh-auto29-r2-20260809
fullflow_primary_r2,first_pass,157,F07,smart_contract,alur_penuh,2026-08-08T20:59:58.641Z,2026-08-08T21:00:01.571Z,2930,pass,token terbit,token 1023,,,20210024,040410582605023,Bagus Usamah,,bafkreiclu5z6einef2zlopqos66sj4hklc3nptaual3oai5gw5ux7ixhta,,0x9d5a130d40f34113b56bea5aba7adf86f69bdc1e2d0a97bf4c3ac93d9304ed36,,,1023,,,,,aktif,,,,,run=alur-penuh-auto29-r2-20260809
fullflow_primary_r2,first_pass,158,F08,verifikasi,alur_penuh,2026-08-08T21:00:01.573Z,2026-08-08T21:00:02.612Z,1039,pass,valid,valid,,,20210024,040410582605023,Bagus Usamah,,bafkreiclu5z6einef2zlopqos66sj4hklc3nptaual3oai5gw5ux7ixhta,,,,,1023,,,,,,,,valid,live,run=alur-penuh-auto29-r2-20260809; sivil=http://localhost:8001/verifikasi?nina=040410582605023&nama=Bagus%20Usamah
fullflow_primary_r2,first_pass,159,F01,integrasi,alur_penuh,2026-08-08T21:00:02.630Z,2026-08-08T21:00:02.684Z,54,pass,data masuk PDDikti,terkirim ke PDDikti,,,20210025,,Estiawan Winarsih,,,,,,,,,,,,,dilaporkan,,,,run=alur-penuh-auto29-r2-20260809
fullflow_primary_r2,first_pass,160,F02,integrasi,alur_penuh,2026-08-08T21:00:02.687Z,2026-08-08T21:00:02.756Z,69,pass,status eligible,eligible,,,20210025,,Estiawan Winarsih,,,,,,,,,,,,,,eligible,,,run=alur-penuh-auto29-r2-20260809
fullflow_primary_r2,first_pass,161,F03,integrasi,alur_penuh,2026-08-08T21:00:02.759Z,2026-08-08T21:00:02.907Z,148,pass,NINA terbit,040410582605024,,,20210025,040410582605024,Estiawan Winarsih,25,,,,,,,,,,aktif,,,,,,run=alur-penuh-auto29-r2-20260809
fullflow_primary_r2,first_pass,162,F04,kriptografi,alur_penuh,2026-08-08T21:00:02.910Z,2026-08-08T21:00:03.670Z,760,pass,PDF terbentuk,PDF terbentuk,,,20210025,040410582605024,Estiawan Winarsih,,,,,,,,,,,,,,,,,run=alur-penuh-auto29-r2-20260809; pdf=generated-ijazah/ijazah-25-1786222803609.pdf
fullflow_primary_r2,first_pass,163,F05,kriptografi,alur_penuh,2026-08-08T21:00:03.672Z,2026-08-08T21:00:18.474Z,14802,pass,CID diperoleh,bafkreiakyoatvq3tf5lvz3omtdattnjzortpgql2nm63faadelmphmobbq,,,20210025,040410582605024,Estiawan Winarsih,,bafkreiakyoatvq3tf5lvz3omtdattnjzortpgql2nm63faadelmphmobbq,,,,,,,,,,,,,,,run=alur-penuh-auto29-r2-20260809
fullflow_primary_r2,first_pass,164,F07,smart_contract,alur_penuh,2026-08-08T21:00:18.475Z,2026-08-08T21:00:21.188Z,2713,pass,token terbit,token 1024,,,20210025,040410582605024,Estiawan Winarsih,,bafkreiakyoatvq3tf5lvz3omtdattnjzortpgql2nm63faadelmphmobbq,,0x79d5a9e8b249bb5c2de1b5f56e5487bef282833996a260447c20f50370971e7a,,,1024,,,,,aktif,,,,,run=alur-penuh-auto29-r2-20260809
fullflow_primary_r2,first_pass,165,F08,verifikasi,alur_penuh,2026-08-08T21:00:21.190Z,2026-08-08T21:00:22.349Z,1159,pass,valid,valid,,,20210025,040410582605024,Estiawan Winarsih,,bafkreiakyoatvq3tf5lvz3omtdattnjzortpgql2nm63faadelmphmobbq,,,,,1024,,,,,,,,valid,live,run=alur-penuh-auto29-r2-20260809; sivil=http://localhost:8001/verifikasi?nina=040410582605024&nama=Estiawan%20Winarsih
fullflow_primary_r2,first_pass,166,F01,integrasi,alur_penuh,2026-08-08T21:00:22.368Z,2026-08-08T21:00:22.419Z,51,pass,data masuk PDDikti,terkirim ke PDDikti,,,20210026,,Fitriani Kuswoyo,,,,,,,,,,,,,dilaporkan,,,,run=alur-penuh-auto29-r2-20260809
fullflow_primary_r2,first_pass,167,F02,integrasi,alur_penuh,2026-08-08T21:00:22.421Z,2026-08-08T21:00:22.479Z,58,pass,status eligible,eligible,,,20210026,,Fitriani Kuswoyo,,,,,,,,,,,,,,eligible,,,run=alur-penuh-auto29-r2-20260809
fullflow_primary_r2,first_pass,168,F03,integrasi,alur_penuh,2026-08-08T21:00:22.482Z,2026-08-08T21:00:22.631Z,149,pass,NINA terbit,040410582605025,,,20210026,040410582605025,Fitriani Kuswoyo,26,,,,,,,,,,aktif,,,,,,run=alur-penuh-auto29-r2-20260809
fullflow_primary_r2,first_pass,169,F04,kriptografi,alur_penuh,2026-08-08T21:00:22.634Z,2026-08-08T21:00:23.413Z,779,pass,PDF terbentuk,PDF terbentuk,,,20210026,040410582605025,Fitriani Kuswoyo,,,,,,,,,,,,,,,,,run=alur-penuh-auto29-r2-20260809; pdf=generated-ijazah/ijazah-26-1786222823370.pdf
fullflow_primary_r2,first_pass,170,F05,kriptografi,alur_penuh,2026-08-08T21:00:23.416Z,2026-08-08T21:00:30.283Z,6867,pass,CID diperoleh,bafkreif3asnjxyetoqs6nve6e3nzhkv7oael7x6oojszfk7d364e7g2mpy,,,20210026,040410582605025,Fitriani Kuswoyo,,bafkreif3asnjxyetoqs6nve6e3nzhkv7oael7x6oojszfk7d364e7g2mpy,,,,,,,,,,,,,,,run=alur-penuh-auto29-r2-20260809
fullflow_primary_r2,first_pass,171,F07,smart_contract,alur_penuh,2026-08-08T21:00:30.286Z,2026-08-08T21:00:32.274Z,1988,pass,token terbit,token 1025,,,20210026,040410582605025,Fitriani Kuswoyo,,bafkreif3asnjxyetoqs6nve6e3nzhkv7oael7x6oojszfk7d364e7g2mpy,,0xbecd3173eba0d7966a32680f1797326dedc42498b59f465e877c0b94738a774b,,,1025,,,,,aktif,,,,,run=alur-penuh-auto29-r2-20260809
fullflow_primary_r2,first_pass,172,F08,verifikasi,alur_penuh,2026-08-08T21:00:32.276Z,2026-08-08T21:00:33.194Z,918,pass,valid,valid,,,20210026,040410582605025,Fitriani Kuswoyo,,bafkreif3asnjxyetoqs6nve6e3nzhkv7oael7x6oojszfk7d364e7g2mpy,,,,,1025,,,,,,,,valid,live,run=alur-penuh-auto29-r2-20260809; sivil=http://localhost:8001/verifikasi?nina=040410582605025&nama=Fitriani%20Kuswoyo
fullflow_primary_r2,first_pass,173,F01,integrasi,alur_penuh,2026-08-08T21:00:33.211Z,2026-08-08T21:00:33.259Z,48,pass,data masuk PDDikti,terkirim ke PDDikti,,,20210027,,Muni Yolanda,,,,,,,,,,,,,dilaporkan,,,,run=alur-penuh-auto29-r2-20260809
fullflow_primary_r2,first_pass,174,F02,integrasi,alur_penuh,2026-08-08T21:00:33.262Z,2026-08-08T21:00:33.320Z,58,pass,status eligible,eligible,,,20210027,,Muni Yolanda,,,,,,,,,,,,,,eligible,,,run=alur-penuh-auto29-r2-20260809
fullflow_primary_r2,first_pass,175,F03,integrasi,alur_penuh,2026-08-08T21:00:33.322Z,2026-08-08T21:00:33.458Z,136,pass,NINA terbit,040410582605026,,,20210027,040410582605026,Muni Yolanda,27,,,,,,,,,,aktif,,,,,,run=alur-penuh-auto29-r2-20260809
fullflow_primary_r2,first_pass,176,F04,kriptografi,alur_penuh,2026-08-08T21:00:33.461Z,2026-08-08T21:00:34.194Z,733,pass,PDF terbentuk,PDF terbentuk,,,20210027,040410582605026,Muni Yolanda,,,,,,,,,,,,,,,,,run=alur-penuh-auto29-r2-20260809; pdf=generated-ijazah/ijazah-27-1786222834153.pdf
fullflow_primary_r2,first_pass,177,F05,kriptografi,alur_penuh,2026-08-08T21:00:34.196Z,2026-08-08T21:00:41.613Z,7417,pass,CID diperoleh,bafkreiggqerhfw5sddmaeibiu3a6bxtm6eot7akrq62fsikqcflf75tvkm,,,20210027,040410582605026,Muni Yolanda,,bafkreiggqerhfw5sddmaeibiu3a6bxtm6eot7akrq62fsikqcflf75tvkm,,,,,,,,,,,,,,,run=alur-penuh-auto29-r2-20260809
fullflow_primary_r2,first_pass,178,F07,smart_contract,alur_penuh,2026-08-08T21:00:41.614Z,2026-08-08T21:00:44.258Z,2644,pass,token terbit,token 1026,,,20210027,040410582605026,Muni Yolanda,,bafkreiggqerhfw5sddmaeibiu3a6bxtm6eot7akrq62fsikqcflf75tvkm,,0x20e03d09a3390b0d1d09af7b856a799d750893b23bb27e9e04bed3ec5c55120d,,,1026,,,,,aktif,,,,,run=alur-penuh-auto29-r2-20260809
fullflow_primary_r2,first_pass,179,F08,verifikasi,alur_penuh,2026-08-08T21:00:44.260Z,2026-08-08T21:00:45.140Z,880,pass,valid,valid,,,20210027,040410582605026,Muni Yolanda,,bafkreiggqerhfw5sddmaeibiu3a6bxtm6eot7akrq62fsikqcflf75tvkm,,,,,1026,,,,,,,,valid,live,run=alur-penuh-auto29-r2-20260809; sivil=http://localhost:8001/verifikasi?nina=040410582605026&nama=Muni%20Yolanda
fullflow_primary_r2,first_pass,180,F01,integrasi,alur_penuh,2026-08-08T21:00:45.159Z,2026-08-08T21:00:45.208Z,49,pass,data masuk PDDikti,terkirim ke PDDikti,,,20210028,,Dadap Nasyiah,,,,,,,,,,,,,dilaporkan,,,,run=alur-penuh-auto29-r2-20260809
fullflow_primary_r2,first_pass,181,F02,integrasi,alur_penuh,2026-08-08T21:00:45.210Z,2026-08-08T21:00:45.271Z,61,pass,status eligible,eligible,,,20210028,,Dadap Nasyiah,,,,,,,,,,,,,,eligible,,,run=alur-penuh-auto29-r2-20260809
fullflow_primary_r2,first_pass,182,F03,integrasi,alur_penuh,2026-08-08T21:00:45.274Z,2026-08-08T21:00:45.408Z,134,pass,NINA terbit,040410582605027,,,20210028,040410582605027,Dadap Nasyiah,28,,,,,,,,,,aktif,,,,,,run=alur-penuh-auto29-r2-20260809
fullflow_primary_r2,first_pass,183,F04,kriptografi,alur_penuh,2026-08-08T21:00:45.410Z,2026-08-08T21:00:46.193Z,783,pass,PDF terbentuk,PDF terbentuk,,,20210028,040410582605027,Dadap Nasyiah,,,,,,,,,,,,,,,,,run=alur-penuh-auto29-r2-20260809; pdf=generated-ijazah/ijazah-28-1786222846139.pdf
fullflow_primary_r2,first_pass,184,F05,kriptografi,alur_penuh,2026-08-08T21:00:46.218Z,2026-08-08T21:00:53.224Z,7006,pass,CID diperoleh,bafkreibz34cxolumv6y35umadsnsinuljnvrvtsyc3ybco4kylyvv4vl6y,,,20210028,040410582605027,Dadap Nasyiah,,bafkreibz34cxolumv6y35umadsnsinuljnvrvtsyc3ybco4kylyvv4vl6y,,,,,,,,,,,,,,,run=alur-penuh-auto29-r2-20260809
fullflow_primary_r2,first_pass,185,F07,smart_contract,alur_penuh,2026-08-08T21:00:53.228Z,2026-08-08T21:00:55.338Z,2110,pass,token terbit,token 1027,,,20210028,040410582605027,Dadap Nasyiah,,bafkreibz34cxolumv6y35umadsnsinuljnvrvtsyc3ybco4kylyvv4vl6y,,0x1d3fcc8bdec8e021ee77caadd4bd002c625508248b63befbad9ca15cfec3bc83,,,1027,,,,,aktif,,,,,run=alur-penuh-auto29-r2-20260809
fullflow_primary_r2,first_pass,186,F08,verifikasi,alur_penuh,2026-08-08T21:00:55.341Z,2026-08-08T21:00:56.372Z,1031,pass,valid,valid,,,20210028,040410582605027,Dadap Nasyiah,,bafkreibz34cxolumv6y35umadsnsinuljnvrvtsyc3ybco4kylyvv4vl6y,,,,,1027,,,,,,,,valid,live,run=alur-penuh-auto29-r2-20260809; sivil=http://localhost:8001/verifikasi?nina=040410582605027&nama=Dadap%20Nasyiah
fullflow_primary_r2,first_pass,187,F01,integrasi,alur_penuh,2026-08-08T21:00:56.414Z,2026-08-08T21:00:56.495Z,81,pass,data masuk PDDikti,terkirim ke PDDikti,,,20210029,,Yani Pudjiastuti,,,,,,,,,,,,,dilaporkan,,,,run=alur-penuh-auto29-r2-20260809
fullflow_primary_r2,first_pass,188,F02,integrasi,alur_penuh,2026-08-08T21:00:56.536Z,2026-08-08T21:00:56.597Z,61,pass,status eligible,eligible,,,20210029,,Yani Pudjiastuti,,,,,,,,,,,,,,eligible,,,run=alur-penuh-auto29-r2-20260809
fullflow_primary_r2,first_pass,189,F03,integrasi,alur_penuh,2026-08-08T21:00:56.630Z,2026-08-08T21:00:56.802Z,172,pass,NINA terbit,040410582605028,,,20210029,040410582605028,Yani Pudjiastuti,29,,,,,,,,,,aktif,,,,,,run=alur-penuh-auto29-r2-20260809
fullflow_primary_r2,first_pass,190,F04,kriptografi,alur_penuh,2026-08-08T21:00:56.806Z,2026-08-08T21:00:57.606Z,800,pass,PDF terbentuk,PDF terbentuk,,,20210029,040410582605028,Yani Pudjiastuti,,,,,,,,,,,,,,,,,run=alur-penuh-auto29-r2-20260809; pdf=generated-ijazah/ijazah-29-1786222857565.pdf
fullflow_primary_r2,first_pass,191,F05,kriptografi,alur_penuh,2026-08-08T21:00:57.613Z,2026-08-08T21:01:04.564Z,6951,pass,CID diperoleh,bafkreiex3ugs2r232qzjsncfaq5e7awgjzxk4dn2pzqybh45lfkyl5o4ju,,,20210029,040410582605028,Yani Pudjiastuti,,bafkreiex3ugs2r232qzjsncfaq5e7awgjzxk4dn2pzqybh45lfkyl5o4ju,,,,,,,,,,,,,,,run=alur-penuh-auto29-r2-20260809
fullflow_primary_r2,first_pass,192,F07,smart_contract,alur_penuh,2026-08-08T21:01:04.566Z,2026-08-08T21:01:07.295Z,2729,pass,token terbit,token 1028,,,20210029,040410582605028,Yani Pudjiastuti,,bafkreiex3ugs2r232qzjsncfaq5e7awgjzxk4dn2pzqybh45lfkyl5o4ju,,0x51054d7876029045f79bf1d6e85fe84b81a033d1c2879f7ed12657b65a1715db,,,1028,,,,,aktif,,,,,run=alur-penuh-auto29-r2-20260809
fullflow_primary_r2,first_pass,193,F08,verifikasi,alur_penuh,2026-08-08T21:01:07.298Z,2026-08-08T21:01:08.503Z,1205,pass,valid,valid,,,20210029,040410582605028,Yani Pudjiastuti,,bafkreiex3ugs2r232qzjsncfaq5e7awgjzxk4dn2pzqybh45lfkyl5o4ju,,,,,1028,,,,,,,,valid,live,run=alur-penuh-auto29-r2-20260809; sivil=http://localhost:8001/verifikasi?nina=040410582605028&nama=Yani%20Pudjiastuti
fullflow_primary_r2,first_pass,194,F01,integrasi,alur_penuh,2026-08-08T21:01:08.520Z,2026-08-08T21:01:08.570Z,50,pass,data masuk PDDikti,terkirim ke PDDikti,,,20210030,,Hasim Laksita,,,,,,,,,,,,,dilaporkan,,,,run=alur-penuh-auto29-r2-20260809
fullflow_primary_r2,first_pass,195,F02,integrasi,alur_penuh,2026-08-08T21:01:08.573Z,2026-08-08T21:01:08.625Z,52,pass,status eligible,eligible,,,20210030,,Hasim Laksita,,,,,,,,,,,,,,eligible,,,run=alur-penuh-auto29-r2-20260809
fullflow_primary_r2,first_pass,196,F03,integrasi,alur_penuh,2026-08-08T21:01:08.628Z,2026-08-08T21:01:08.763Z,135,pass,NINA terbit,040410582605029,,,20210030,040410582605029,Hasim Laksita,30,,,,,,,,,,aktif,,,,,,run=alur-penuh-auto29-r2-20260809
fullflow_primary_r2,first_pass,197,F04,kriptografi,alur_penuh,2026-08-08T21:01:08.766Z,2026-08-08T21:01:09.463Z,697,pass,PDF terbentuk,PDF terbentuk,,,20210030,040410582605029,Hasim Laksita,,,,,,,,,,,,,,,,,run=alur-penuh-auto29-r2-20260809; pdf=generated-ijazah/ijazah-30-1786222869415.pdf
fullflow_primary_r2,first_pass,198,F05,kriptografi,alur_penuh,2026-08-08T21:01:09.465Z,2026-08-08T21:01:16.326Z,6861,pass,CID diperoleh,bafkreibgrukojuvxv3c7lxtlklypamxme55puodabjgrkannykqf5m5bkm,,,20210030,040410582605029,Hasim Laksita,,bafkreibgrukojuvxv3c7lxtlklypamxme55puodabjgrkannykqf5m5bkm,,,,,,,,,,,,,,,run=alur-penuh-auto29-r2-20260809
fullflow_primary_r2,first_pass,199,F07,smart_contract,alur_penuh,2026-08-08T21:01:16.329Z,2026-08-08T21:01:18.246Z,1917,pass,token terbit,token 1029,,,20210030,040410582605029,Hasim Laksita,,bafkreibgrukojuvxv3c7lxtlklypamxme55puodabjgrkannykqf5m5bkm,,0x460fbc959ee9558735a3fdc9e81ac690f2880898665869b1612c69c32f33055f,,,1029,,,,,aktif,,,,,run=alur-penuh-auto29-r2-20260809
fullflow_primary_r2,first_pass,200,F08,verifikasi,alur_penuh,2026-08-08T21:01:18.248Z,2026-08-08T21:01:19.384Z,1136,pass,valid,valid,,,20210030,040410582605029,Hasim Laksita,,bafkreibgrukojuvxv3c7lxtlklypamxme55puodabjgrkannykqf5m5bkm,,,,,1029,,,,,,,,valid,live,run=alur-penuh-auto29-r2-20260809; sivil=http://localhost:8001/verifikasi?nina=040410582605029&nama=Hasim%20Laksita
fullflow_retry_nim05,recovery,1,F01,integrasi,alur_penuh,2026-08-08T21:01:52.890Z,2026-08-08T21:01:52.890Z,0,pass,data masuk PDDikti,sudah tercatat di PDDikti,,,20210005,,Zulfa Situmorang,,,,,,,,,,,,,eligible,,,,run=alur-penuh-auto29-retry-nim05-20260809; resume=already_reported
fullflow_retry_nim05,recovery,2,F02,integrasi,alur_penuh,2026-08-08T21:01:52.891Z,2026-08-08T21:01:52.891Z,0,pass,status eligible,eligible,,,20210005,,Zulfa Situmorang,,,,,,,,,,,,,,eligible,,,run=alur-penuh-auto29-retry-nim05-20260809; resume=already_eligible
fullflow_retry_nim05,recovery,3,F03,integrasi,alur_penuh,2026-08-08T21:01:52.892Z,2026-08-08T21:01:52.909Z,17,pass,NINA terbit,040410582605004,,,20210005,040410582605004,Zulfa Situmorang,5,,,,,,,,,,aktif,,,,,,run=alur-penuh-auto29-retry-nim05-20260809; resume=already_has_nina
fullflow_retry_nim05,recovery,4,F04,kriptografi,alur_penuh,2026-08-08T21:01:52.909Z,2026-08-08T21:01:53.627Z,718,pass,PDF terbentuk,PDF terbentuk,,,20210005,040410582605004,Zulfa Situmorang,,,,,,,,,,,,,,,,,run=alur-penuh-auto29-retry-nim05-20260809; pdf=generated-ijazah/ijazah-31-1786222913583.pdf
fullflow_retry_nim05,recovery,5,F05,kriptografi,alur_penuh,2026-08-08T21:01:53.628Z,2026-08-08T21:02:03.011Z,9383,pass,CID diperoleh,bafkreic7t446vokusyos5d3xrsrorpm5d7x3n7luremuqtlrcbgnumgvg4,,,20210005,040410582605004,Zulfa Situmorang,,bafkreic7t446vokusyos5d3xrsrorpm5d7x3n7luremuqtlrcbgnumgvg4,,,,,,,,,,,,,,,run=alur-penuh-auto29-retry-nim05-20260809
fullflow_retry_nim05,recovery,6,F07,smart_contract,alur_penuh,2026-08-08T21:02:03.012Z,2026-08-08T21:02:05.319Z,2307,pass,token terbit,token 1030,,,20210005,040410582605004,Zulfa Situmorang,,bafkreic7t446vokusyos5d3xrsrorpm5d7x3n7luremuqtlrcbgnumgvg4,,0x2c3d8c2c77440a496529cb75e1b8766306da392373f3506357b6007f2167cb45,,,1030,,,,,aktif,,,,,run=alur-penuh-auto29-retry-nim05-20260809
fullflow_retry_nim05,recovery,7,F08,verifikasi,alur_penuh,2026-08-08T21:02:05.319Z,2026-08-08T21:02:06.528Z,1209,pass,valid,valid,,,20210005,040410582605004,Zulfa Situmorang,,bafkreic7t446vokusyos5d3xrsrorpm5d7x3n7luremuqtlrcbgnumgvg4,,,,,1030,,,,,,,,valid,live,run=alur-penuh-auto29-retry-nim05-20260809; sivil=http://localhost:8001/verifikasi?nina=040410582605004&nama=Zulfa%20Situmorang
