nim,name,major,student_pddikti_status,student_status_mesin,student_blockchain_status,diploma_number,nina,token_id,tx_hash,pdf_cid,metadata_cid,diploma_blockchain_status,pddikti_record_status,pddikti_eligibility,pisn_nina_status,sivil_status
20210001,Ajiono Saefullah,Teknik Informatika,eligible,SIAP_DITERBITKAN,pending,IJZ-2026-4101,040410582605000,1001,0xe21524b4fb8e278253fd12eabb07555e9323967cc71c7c2989aa158594f604c2,bafybeib63t4cgtyjbrefljkm5flg62hujqc3m6eskrcbc4zdrh647kjqnq,bafkreiexj23jwhqapalnjiyxzrr4myw2pdkjumtxm4rks52ksxsjw3zqba,verified,lulus,eligible,aktif,aktif
20210002,Among Iswahyudi,Teknik Informatika,eligible,SIAP_DITERBITKAN,pending,IJZ-2026-4102,040410582605001,1002,0x9709ade852d3c61974d816a04d10c2c76be85b9bf453a45b5859a6ce7f4a0b36,bafybeie6d2vdcnynlckf33daw7blehcebkbnia73pb76qi7t4xmtss5rau,bafkreibbwj2o3v2kfiipqmkscusdwht6h4xhanbxqqqcdk435emy6floge,verified,lulus,eligible,aktif,aktif
20210003,Gawati Hassanah,Teknik Informatika,eligible,SIAP_DITERBITKAN,pending,IJZ-2026-4103,040410582605002,1003,0xc07fd6664ddcb7dd64f0de5e71376b50c3781cce797ffdae956eab2e4f570662,bafybeihpx7ntuehlczazkn62ong3bwezkgn3ahnxw6unrz5l3bqp4pdz3i,bafkreifttvrutosskonm6avpkkd2lz6o7w7wnmnpf6m57pdibdc5iz3lyu,verified,lulus,eligible,aktif,aktif
20210004,Indah Mangunsong,Teknik Informatika,eligible,SIAP_DITERBITKAN,pending,IJZ-2026-4104,040410582605003,1004,0x15459d5eb2142e2f5c7a4680d20b8e5de56ad31aad1719a8e482c15a1106e268,bafybeif44fyp77tb6xfir24kb36oiuxtqh63yfggldcoahz6hfurav5l5e,bafkreihulqkjcfudcenxgc3obuzv2f4bqdple4sthk3zoniivrvn2j72ly,verified,lulus,eligible,aktif,aktif
20210005,Zulfa Situmorang,Ilmu Komunikasi,eligible,SIAP_DITERBITKAN,pending,IJZ-2026-4105,040410582605004,1030,0x2c3d8c2c77440a496529cb75e1b8766306da392373f3506357b6007f2167cb45,bafybeienkcqrv2zno6m6pc6cwkjcspyelbkx52xctzoeuzimjh4jactvey,bafkreic7t446vokusyos5d3xrsrorpm5d7x3n7luremuqtlrcbgnumgvg4,verified,lulus,eligible,aktif,aktif
20210006,Cindy Puspasari,Teknik Elektro,eligible,SIAP_DITERBITKAN,pending,IJZ-2026-4106,040410582605005,1005,0xcf8beaac771c016a0772f081cb593064fc99a87d5409736a9469d98a6f938f3c,bafybeihy6ckhzzaqnwpwahagv3to3dl3qosrwprjluoea4laqzt6ju574i,bafkreidvkoxqpxvdnzxjyowezagpruoq3uf6iizz3wkzekqlyt3xk76ypm,verified,lulus,eligible,aktif,aktif
20210007,Mitra Pradana,Sistem Informasi,eligible,SIAP_DITERBITKAN,pending,IJZ-2026-4107,040410582605006,1006,0xd3362beffa14b7e9c442cf386418f0f012a463c28969a5b5e40c8a1335e756f1,bafybeibm7pnuco6qhlj4i6jkrgaqpit7kd3o7jxbfhnrsmclutqpqd6tse,bafkreibwk3qongd273nqoducrtqw7cprryfwi6y6wruucfe3qf6epmg7h4,verified,lulus,eligible,aktif,aktif
20210008,Siska Utama,Ilmu Komunikasi,eligible,SIAP_DITERBITKAN,pending,IJZ-2026-4108,040410582605007,1007,0x15b54b63e14650e98d8e1a409b67512707c5ae5152cc5fead8b899cc94da3a39,bafybeietjzkljtvlgq4guvgcdw4oksh5q27aquwqzp3nso3ehf7v7cz6he,bafkreibesawhh5xjrvaiknaldo2rtvwpzmako2jo7k7f5ygsvbcsh7n3kq,verified,lulus,eligible,aktif,aktif
20210009,Lulut Usada,Sistem Informasi,eligible,SIAP_DITERBITKAN,pending,IJZ-2026-4109,040410582605008,1008,0x473e67c3bd45c980f156a3cdf2a64925e9c1dba5cbca30c6a1a997c069131850,bafybeihvr777bxbxhgunodynz7f5syksat2xgknyaqb7nvgzgtvxxwtmna,bafkreiew3fjyszuxer7ilewesa2vqzqvttwkt6geppng7vdtbsgrek5tri,verified,lulus,eligible,aktif,aktif
20210010,Mahdi Simbolon,Sistem Informasi,eligible,SIAP_DITERBITKAN,pending,IJZ-2026-4110,040410582605009,1009,0x3d2af74e1416f06eef7c1803dd40dcc3e8d5ff563a3cdcda17391f7185615439,bafybeifursqkjgx7frchgcnn44imgnbrfkzuj56kw6n7pngbbvnkd6tajm,bafkreigfa6355cpoxu5nozzqj3cksred4fhdefwidclqrmqywxjmncxkve,verified,lulus,eligible,aktif,aktif
20210011,Bella Prabowo,Ilmu Komunikasi,eligible,SIAP_DITERBITKAN,pending,IJZ-2026-4111,040410582605010,1010,0xfc7d74521191bcd8a215a211449984d21eeeb208dc70a71fcd0d070e5590a294,bafybeiah27vdpdzupyyhboqntjfn3odj7clw2z4patwggkeubz3g3kc5mu,bafkreiaqlovrwfbw2hpvkzkch6geg6kizl6zdppwm6lyednamufnbcoqzu,verified,lulus,eligible,aktif,aktif
20210012,Lala Yuniar,Sistem Informasi,eligible,SIAP_DITERBITKAN,pending,IJZ-2026-4112,040410582605011,1011,0x445d6bc06354b7e7a17b67d58f4e090ec2e8f77d6151473859df57befc3567bb,bafybeibf7ncgsv44or6bt53uarnri3kscou6uaaztetbs5lofbcnkifjv4,bafkreie5mqac7d522fmidanr3s5axeazvztfrpqidi5gmaxfaonm7uupdq,verified,lulus,eligible,aktif,aktif
20210013,Restu Wacana,Sistem Informasi,eligible,SIAP_DITERBITKAN,pending,IJZ-2026-4113,040410582605012,1012,0xfa2e43fc2afc1798a259cb4a85b0a4fca1f5e61682ed14a48874955691645ee0,bafybeidb7jujzbyxfjsubjkoa6lmgb5lep7gplugjibuees2ruespfbh5q,bafkreie3cvqv7mxv7zojgpixoevm4gxyqneyvgkjn5wxwowdm4ysubocmq,verified,lulus,eligible,aktif,aktif
20210014,Candra Utami,Akuntansi,eligible,SIAP_DITERBITKAN,pending,IJZ-2026-4114,040410582605013,1013,0x54c97f49096a4ab41b8418cdd91881e47bba753d87474064cdcc0ce7b4c82284,bafybeifxlvf6i4pgrmbsd7wnhbamd7m6i7cjxnuboxxvfpy5ndpi6nku34,bafkreias6b3pmeo3eezic7rke4k3oco2orip3slkriavgpmanf5tynqjma,verified,lulus,eligible,aktif,aktif
20210015,Paris Ramadan,Teknik Informatika,eligible,SIAP_DITERBITKAN,pending,IJZ-2026-4115,040410582605014,1014,0x0eec73f35f5f98a0d4ca16007831f9e5d1e83a1c9f7cca43b53f7124b73bf698,bafybeifp4pyvgnca2ardt662yj5tc4ni3nkto4ot2wr5obgko77mm5kvxe,bafkreifl53qpnjy6lh7vc5pxu2otmuzdgpkukth3rtech2c4kjaepkh5za,verified,lulus,eligible,aktif,aktif
20210016,Vivi Yuniar,Sistem Informasi,eligible,SIAP_DITERBITKAN,pending,IJZ-2026-4116,040410582605015,1015,0x4c97b8962aff0c6063645f949475f9bb216416a1cbd743868b3feb8489e872dc,bafybeifzywgmq4qj6faefrcocbv5dmxqvuko64vwrhksuhcgqwqvtqtpbq,bafkreia3feidddy4tdvro35ll7jjyffcjn6hd2motoed5kndwbxhgeixke,verified,lulus,eligible,aktif,aktif
20210017,Olivia Nugroho,Ilmu Komunikasi,eligible,SIAP_DITERBITKAN,pending,IJZ-2026-4117,040410582605016,1016,0xe8aef0b19b3df9d45eef9e5e9c05d58c5b4ccb58a7fda6bff781409a186d00aa,bafybeigvnyttsaorifhb6cesjinb6mvoqxeszwpcdjv44ysshi7wj22rvi,bafkreihx5tw4trse2kurljbp7xgwzuq4qkzmcoadaz6hderb7fg3w4xiyi,verified,lulus,eligible,aktif,aktif
20210018,Candra Wahyudin,Akuntansi,eligible,SIAP_DITERBITKAN,pending,IJZ-2026-4118,040410582605017,1017,0xcc73a031ccab7d78a0a6595c8aa533eb30aaad0e66b60ba8f8008e9bf4e118dc,bafybeihw76foqlexuh5wqnwwpjwsjz24pzq7nerphbioocxr5kygcefyqe,bafkreihhi6e2sl6cd33ducxhh73nyqvlbf53nk47us2suyhc23sbuyw6ri,verified,lulus,eligible,aktif,aktif
20210019,Anita Kusumo,Teknik Elektro,eligible,SIAP_DITERBITKAN,pending,IJZ-2026-4119,040410582605018,1018,0x728bba1d793a26a595758daf247aa8bb7f5d7358a299c3fe8c02f31a7c8d483d,bafybeihhtikdznntskun3abymdqt7rfsm43qjfopa3q5x6gj2hfjxbob6e,bafkreihwmi3i6x2ymq4ddwnxwht2fv3kgfjt2i53isqw4wzhwh6eoefz5a,verified,lulus,eligible,aktif,aktif
20210020,Bakiadi Laksita,Akuntansi,eligible,SIAP_DITERBITKAN,pending,IJZ-2026-4120,040410582605019,1019,0x9fa6ef89d1c206f2ba63e64e9f4ce3db783cfa290f365a082bdeb548bc22ae37,bafybeifrhtrpozdyd5njpefqk5u52nv2z25rzzkoqi3k2bie5dpk6k6ctm,bafkreigqef5o5b4voz5nnbyfhpq7cofoqhhrjodkr4qem6pi7aoin4draa,verified,lulus,eligible,aktif,aktif
20210021,Pia Marbun,Manajemen,eligible,SIAP_DITERBITKAN,pending,IJZ-2026-4121,040410582605020,1020,0xa2428cda1da900d2962790eaafab34a020e4c0f27108aca5619e406b8ddb77cf,bafybeievjkq4fcofyatx2xmyfutwlfkyzfndl3vdbj2qqtsuz3xkualeie,bafkreiailcfm5ayg6iuf6r3pbfsunmsb4jxxcagsk7dri5s4q2pkofe75m,verified,lulus,eligible,aktif,aktif
20210022,Nasab Saragih,Teknik Elektro,eligible,SIAP_DITERBITKAN,pending,IJZ-2026-4122,040410582605021,1021,0x7904d0fa2c7889c0ff29a72ea5c4c1a029d4860e2112fffb6f95d5fcb06ed8e5,bafybeig3kwxy2xhsttmznb6hjgvunef6zvrgplldtkc2viuf7m2kptw74y,bafkreih4pyplquforrbuztod5t6frmaiuyd5lezj3zm5nublspadjf3rde,verified,lulus,eligible,aktif,aktif
20210023,Dirja Prasetyo,Akuntansi,eligible,SIAP_DITERBITKAN,pending,IJZ-2026-4123,040410582605022,1022,0x258f8e8b4acc8df43c8eeba79718d0aed35a92d336e4730c021463fbca080bea,bafybeif6vzjgazvbtltnzkrmyk6c3a7jgn7o4clvbhwdeutw6romt364mq,bafkreibmiswazfrksq6g24eiurclkp454a74267bnmo4et5uuwgmr27iiq,verified,lulus,eligible,aktif,aktif
20210024,Bagus Usamah,Teknik Informatika,eligible,SIAP_DITERBITKAN,pending,IJZ-2026-4124,040410582605023,1023,0x9d5a130d40f34113b56bea5aba7adf86f69bdc1e2d0a97bf4c3ac93d9304ed36,bafybeighh4r4jahy2mkiyb2yggqudn3laezdzmy4vethzvnqwzzqnrt6ou,bafkreiclu5z6einef2zlopqos66sj4hklc3nptaual3oai5gw5ux7ixhta,verified,lulus,eligible,aktif,aktif
20210025,Estiawan Winarsih,Ilmu Komunikasi,eligible,SIAP_DITERBITKAN,pending,IJZ-2026-4125,040410582605024,1024,0x79d5a9e8b249bb5c2de1b5f56e5487bef282833996a260447c20f50370971e7a,bafybeigkqw2fd42nr2s7o2wicp5p67blpkigljr6z26e5e4q4k5x6bzjii,bafkreiakyoatvq3tf5lvz3omtdattnjzortpgql2nm63faadelmphmobbq,verified,lulus,eligible,aktif,aktif
20210026,Fitriani Kuswoyo,Manajemen,eligible,SIAP_DITERBITKAN,pending,IJZ-2026-4126,040410582605025,1025,0xbecd3173eba0d7966a32680f1797326dedc42498b59f465e877c0b94738a774b,bafybeidfao2nfaok4mbpnwzkujlynhwupnxqwpwqv5czan3n6lj26dwtua,bafkreif3asnjxyetoqs6nve6e3nzhkv7oael7x6oojszfk7d364e7g2mpy,verified,lulus,eligible,aktif,aktif
20210027,Muni Yolanda,Manajemen,eligible,SIAP_DITERBITKAN,pending,IJZ-2026-4127,040410582605026,1026,0x20e03d09a3390b0d1d09af7b856a799d750893b23bb27e9e04bed3ec5c55120d,bafybeigz62wul4vwimulhad22zl4pzq66mspa5jvouvyqifqwcntbuhqfu,bafkreiggqerhfw5sddmaeibiu3a6bxtm6eot7akrq62fsikqcflf75tvkm,verified,lulus,eligible,aktif,aktif
20210028,Dadap Nasyiah,Teknik Elektro,eligible,SIAP_DITERBITKAN,pending,IJZ-2026-4128,040410582605027,1027,0x1d3fcc8bdec8e021ee77caadd4bd002c625508248b63befbad9ca15cfec3bc83,bafybeicyjyb4aoij4vzg4g2sl6oh3wg7ams44rln36dig6m623ahodbdme,bafkreibz34cxolumv6y35umadsnsinuljnvrvtsyc3ybco4kylyvv4vl6y,verified,lulus,eligible,aktif,aktif
20210029,Yani Pudjiastuti,Akuntansi,eligible,SIAP_DITERBITKAN,pending,IJZ-2026-4129,040410582605028,1028,0x51054d7876029045f79bf1d6e85fe84b81a033d1c2879f7ed12657b65a1715db,bafybeigjo6t7hkzrfbvb7seqgo6qrwyew5jtcsirm4luujrkjaydagyid4,bafkreiex3ugs2r232qzjsncfaq5e7awgjzxk4dn2pzqybh45lfkyl5o4ju,verified,lulus,eligible,aktif,aktif
20210030,Hasim Laksita,Teknik Informatika,eligible,SIAP_DITERBITKAN,pending,IJZ-2026-4130,040410582605029,1029,0x460fbc959ee9558735a3fdc9e81ac690f2880898665869b1612c69c32f33055f,bafybeidifxpcy73mmloml6ivydfpg2mt3wup4mvgh3kukvtzwt5eohsu4y,bafkreibgrukojuvxv3c7lxtlklypamxme55puodabjgrkannykqf5m5bkm,verified,lulus,eligible,aktif,aktif
20210031,Hani Hasanah,Ilmu Komunikasi,eligible,SIAP_DITERBITKAN,pending,IJZ-2026-0031,040410582605030,1031,0x58300115586d63c2e8e2577d8ceeef212a169f6e35e7df8bae3c13778c04bd09,bafybeigj47sirx2loi446inbubjw7r2sdiowold4z3ue7rfd6luyjkk35a,bafkreiacr3qaevohkrjjovawq54y3dty233qj4unjsewf6xh36brlg7o5y,verified,lulus,eligible,aktif,aktif
20210032,Gasti Hakim,Ilmu Komunikasi,eligible,SIAP_DITERBITKAN,pending,IJZ-2026-0032,040410582605031,1032,0x58300115586d63c2e8e2577d8ceeef212a169f6e35e7df8bae3c13778c04bd09,bafybeicfm3hq435b7r5wepngqjfutshfjzcj4rljpuyq4sjb5gszzlzclm,bafkreihxpf5y24ueszspywcv4vz5l2vv6txtjmgovh42tz4dqpjnfnsrn4,verified,lulus,eligible,aktif,aktif
20210033,Olivia Nuraini,Teknik Informatika,eligible,SIAP_DITERBITKAN,pending,IJZ-2026-0033,040410582605032,1033,0x58300115586d63c2e8e2577d8ceeef212a169f6e35e7df8bae3c13778c04bd09,bafybeih3ks3ihat3uee6cnjjhuhlz7tgxzo7mc3dfzzsfsbkessoegd3oi,bafkreihbo3kcwsnbdh2huvuaihucuiv543yg352ws66fblvgsgezgrvfri,verified,lulus,eligible,aktif,aktif
20210034,Mursita Prakasa,Akuntansi,eligible,SIAP_DITERBITKAN,pending,IJZ-2026-0034,040410582605033,1034,0x58300115586d63c2e8e2577d8ceeef212a169f6e35e7df8bae3c13778c04bd09,bafybeiersmwtjbou2dlgpw7pnqu7nbohw2cbenf5vq4xurnvkacc3okcdq,bafkreias6g25zlel2kjlnv2twlptjgzmdimt74idneaqclz5mfn4uv7cvm,verified,lulus,eligible,aktif,aktif
20210035,Lukman Hutapea,Akuntansi,eligible,SIAP_DITERBITKAN,pending,IJZ-2026-0035,040410582605034,1035,0x58300115586d63c2e8e2577d8ceeef212a169f6e35e7df8bae3c13778c04bd09,bafybeihfjfsqhdqtp3mbznjgnoo6t6k7u64qqw3sjev5wshuduzhzfpd5e,bafkreiaqd2vnx2ginbtczfj5pkdqxvoxoeoreft6fhsj2o3blwuui6qmt4,verified,lulus,eligible,aktif,aktif
20210036,Halima Saptono,Teknik Elektro,eligible,SIAP_DITERBITKAN,pending,IJZ-2026-0036,040410582605035,1036,0xdfe1cae5ae34a5be8b519698d88858676ca8c3476237131be850e194559145f6,bafybeierztrtyzpcz5e2gvlmxn54nmbekauxkbwlvansrl6juvvt4ybsta,bafkreiar2btppkp34l2t2qms6niaqbkfweujo6eg53c7wk4y24ambfxwwi,verified,lulus,eligible,aktif,aktif
20210037,Jagapati Oktaviani,Teknik Informatika,eligible,SIAP_DITERBITKAN,pending,IJZ-2026-0037,040410582605036,1037,0xdfe1cae5ae34a5be8b519698d88858676ca8c3476237131be850e194559145f6,bafybeibt7jylzzgpd662xixrse7vvq3guvqb5v24gujphllj7qe5ufbjei,bafkreiaki76hpqcgtu7xg5shkyfd3axbt6o55ct6kll3guzwzdoi73e2cm,verified,lulus,eligible,aktif,aktif
20210038,Wardi Tampubolon,Teknik Elektro,eligible,SIAP_DITERBITKAN,pending,IJZ-2026-0038,040410582605037,1038,0xdfe1cae5ae34a5be8b519698d88858676ca8c3476237131be850e194559145f6,bafybeibkprm5v6qk54auzrio2gjpsarafszgwhm6bxlx7kugaaljx7q7di,bafkreihogb3nkoqligz7xxop5tcab5726kalcaxly6oxu7ib6x5taipcmq,verified,lulus,eligible,aktif,aktif
20210039,Rahmi Yolanda,Akuntansi,eligible,SIAP_DITERBITKAN,pending,IJZ-2026-0039,040410582605038,1039,0xdfe1cae5ae34a5be8b519698d88858676ca8c3476237131be850e194559145f6,bafybeibnq5zsv36h3yllqgh5wulpwyli7ohcw5vksth72fwidwy6miij7m,bafkreifunqd7ovx3yg4ajcsjdlds6bdpe6gl7nc5efnfzgohct2oxe737u,verified,lulus,eligible,aktif,aktif
20210040,Eman Latupono,Sistem Informasi,eligible,SIAP_DITERBITKAN,pending,IJZ-2026-0040,040410582605039,1040,0xdfe1cae5ae34a5be8b519698d88858676ca8c3476237131be850e194559145f6,bafybeigifh2xtjeyf5f5m5whx2pau4glvowq7m7tvw3mj5abn5q7zj3fpy,bafkreifg6wafsidpbir4gepgmchwrmfugs5tl3rlf2tnvnvy5gfjsic5dq,verified,lulus,eligible,aktif,aktif
20210041,Nasim Siregar,Teknik Elektro,eligible,SIAP_DITERBITKAN,pending,IJZ-2026-0041,040410582605040,1041,0x0cae20ec04de9836be27cffdff19c04c0c104e66d6a9e89e73b6b51a801c908b,bafybeiayj4xsr43xkardiqans722y2oralrpwcxvpo4ammi33v5sbrdgb4,bafkreiba5kwbiwbu4qrp4oz33e23ekyu7bp56siy5cawsawfg6hrva4tqa,verified,lulus,eligible,aktif,aktif
20210042,Mahesa Anggraini,Teknik Elektro,eligible,SIAP_DITERBITKAN,pending,IJZ-2026-0042,040410582605041,1042,0x0cae20ec04de9836be27cffdff19c04c0c104e66d6a9e89e73b6b51a801c908b,bafybeiansbb5dylagfqbkcdpgx27eovsbq3pc5i3wywtcnrqckxgksgtta,bafkreibkqcukpsgcs26svmuv6dtzjrbpevavsbkmt64mtgdpbjziidvcoe,verified,lulus,eligible,aktif,aktif
20210043,Opung Handayani,Teknik Informatika,eligible,SIAP_DITERBITKAN,pending,IJZ-2026-0043,040410582605042,1043,0x0cae20ec04de9836be27cffdff19c04c0c104e66d6a9e89e73b6b51a801c908b,bafybeiebdkm7dmitvtodbfwvydputvgnanmru5v4qd5noyxzcmf7snn2vu,bafkreidkfebxbcmknbus6os3ux7dzet2urbwm77cftnvtnn4ylleclu2ji,verified,lulus,eligible,aktif,aktif
20210044,Kenes Firgantoro,Sistem Informasi,eligible,SIAP_DITERBITKAN,pending,IJZ-2026-0044,040410582605043,1044,0x0cae20ec04de9836be27cffdff19c04c0c104e66d6a9e89e73b6b51a801c908b,bafybeieknw446dbj2b4mvdgve6vzg3gss6dpuuesbjfc4uwufqpo3rxzpu,bafkreianwkpoupceqkjyxf6yb7hd7vxzhci6camnlxtl542zt3ycvanyn4,verified,lulus,eligible,aktif,aktif
20210045,Karimah Gunarto,Sistem Informasi,eligible,SIAP_DITERBITKAN,pending,IJZ-2026-0045,040410582605044,1045,0x0cae20ec04de9836be27cffdff19c04c0c104e66d6a9e89e73b6b51a801c908b,bafybeiftgbghgvmginp7wpecqw5guhlnyicrrjggisbi74lwjbhggau3xe,bafkreifwfeqbuiantny4vnxpn6x5i4oz7reqyq2coz3hruy46ace3gttbe,verified,lulus,eligible,aktif,aktif
20210046,Raina Mangunsong,Sistem Informasi,eligible,SIAP_DITERBITKAN,pending,IJZ-2026-0046,040410582605045,1046,0xbbaad23bef0912bfef120737de3608365487fad9d189df61abbba96ad35d24df,bafybeidbk5mc5fz732y5344bwb3kbchb3p4rn7riao2pweqo3abj4jeppq,bafkreiayhfecr5zzzi3gi52ojwibzubmxbrhlnuiwf2srszy6jda2552ky,verified,lulus,eligible,aktif,aktif
20210047,Okto Sitorus,Ilmu Komunikasi,eligible,SIAP_DITERBITKAN,pending,IJZ-2026-0047,040410582605046,1047,0xbbaad23bef0912bfef120737de3608365487fad9d189df61abbba96ad35d24df,bafybeibdjd37brusudppjrwucbwdezudblb3o7osjenvqsj4irp3vvfjzq,bafkreifhpjtx7h7oxt3menho3p7zqxnlro45pj7qufbqws4qbvryyvqymq,verified,lulus,eligible,aktif,aktif
20210048,Harjaya Firgantoro,Manajemen,eligible,SIAP_DITERBITKAN,pending,IJZ-2026-0048,040410582605047,1048,0xbbaad23bef0912bfef120737de3608365487fad9d189df61abbba96ad35d24df,bafybeihqx7kx4l65mbi636lfqpqvsv46moijkrvlta2bsd2rmxe6ti7qeu,bafkreicdy2q76nmk6kbf6lldqeu2lp2znwmipdjzbxtlhyw3vjqugkpsva,verified,lulus,eligible,aktif,aktif
20210049,Ajiono Wahyuni,Teknik Informatika,eligible,SIAP_DITERBITKAN,pending,IJZ-2026-0049,040410582605048,1049,0xbbaad23bef0912bfef120737de3608365487fad9d189df61abbba96ad35d24df,bafybeiblaqprzudyhiw4dqmztyt523dawzdtlkzlokcytyutjkb7lhj5t4,bafkreicppoh5yspnwrzbwx4kpurl4ha7xu5ou7zil3qljgxbrm5zrryuyq,verified,lulus,eligible,aktif,aktif
20210050,Shania Nasyiah,Teknik Elektro,eligible,SIAP_DITERBITKAN,pending,IJZ-2026-0050,040410582605049,1050,0xbbaad23bef0912bfef120737de3608365487fad9d189df61abbba96ad35d24df,bafybeieuiy2enflbtlttyxr5qmdjj3ftmyrqu7rf35audyjneacp5fq52y,bafkreiedawwn6ipmpazztxbkdg5roqanaxtrpns4pdl2xdyivksnnbkr6m,verified,lulus,eligible,aktif,aktif
20210051,Balangga Riyanti,Teknik Elektro,eligible,SIAP_DITERBITKAN,pending,IJZ-2026-0051,040410582605050,1051,0xbbaad23bef0912bfef120737de3608365487fad9d189df61abbba96ad35d24df,bafybeia323u42obdwdfb5v3bu7ezn673ufzcrlbl62ppxh3pet5regslmi,bafkreicnkrl4u64mt4if5nyeaqkhkzasjpp6s2e74pp5kurfjc55j2yrui,verified,lulus,eligible,aktif,aktif
20210052,Harsana Permata,Manajemen,eligible,SIAP_DITERBITKAN,pending,IJZ-2026-0052,040410582605051,1052,0xbbaad23bef0912bfef120737de3608365487fad9d189df61abbba96ad35d24df,bafybeiedyvvazm5duhblzczwm5okj5phhfrtkkjctcklzycwyjnpirow7u,bafkreie3itm47inhmyibpdniskfnl5eun3y6lj5wb6l2uhzjfjtkubp4tu,verified,lulus,eligible,aktif,aktif
20210053,Galih Astuti,Teknik Elektro,eligible,SIAP_DITERBITKAN,pending,IJZ-2026-0053,040410582605052,1053,0xbbaad23bef0912bfef120737de3608365487fad9d189df61abbba96ad35d24df,bafybeibr4zpd5hg2jv3ozuoe367pdmt4oscseugpfwzndbipjjpenqyady,bafkreifi6hhpaa42yr4lpbu67oknp7g4x33xirqvusnxx5bp3rmimdkk6i,verified,lulus,eligible,aktif,aktif
20210054,Ophelia Saragih,Ilmu Komunikasi,eligible,SIAP_DITERBITKAN,pending,IJZ-2026-0054,040410582605053,1054,0xbbaad23bef0912bfef120737de3608365487fad9d189df61abbba96ad35d24df,bafybeif66gkoleswz6ba55nzck4wdc35iu7vyulpdml2ubjoi6a5kdj4hy,bafkreiaif2e63v762bflk7akqsihhqk5ja7wtry6psotrjahkewig5fjmq,verified,lulus,eligible,aktif,aktif
20210055,Imam Widiastuti,Sistem Informasi,eligible,SIAP_DITERBITKAN,pending,IJZ-2026-0055,040410582605054,1055,0xbbaad23bef0912bfef120737de3608365487fad9d189df61abbba96ad35d24df,bafybeicaft3arnmmqs33wvpsqkcgwyu36id4vvxfqlgluuiivvomdabk7m,bafkreiahbrjpf3f5jigwf45pdnwy3liy3yptyv77xou5xln74v6anapdfq,verified,lulus,eligible,aktif,aktif
20210056,Gadang Suwarno,Akuntansi,eligible,SIAP_DITERBITKAN,pending,IJZ-2026-0056,040410582605055,1056,0xc6280c9b9248eba6120f9cde902e9950b2210f6d3e9b763d7380fb57357fb0c9,bafybeih46brcaw5zyrtk522tevjgaothjidm4chkz3ywsqst4jiym4chgq,bafkreiftq43aume2k4a5hxrzrk4xcongjnplosvh6mvj4brj55km3uwulm,verified,lulus,eligible,aktif,aktif
20210057,Samiah Prabowo,Ilmu Komunikasi,eligible,SIAP_DITERBITKAN,pending,IJZ-2026-0057,040410582605056,1057,0xc6280c9b9248eba6120f9cde902e9950b2210f6d3e9b763d7380fb57357fb0c9,bafybeignvzrur3mwtc7vvrhgytmzlerkeclyrdma76vliqi72yjpncrc6m,bafkreieykxvyvto2nangiivhs6aswhi2subr5fcg4a3mxaqdqhwrsdao4e,verified,lulus,eligible,aktif,aktif
20210058,Oliva Wijayanti,Sistem Informasi,eligible,SIAP_DITERBITKAN,pending,IJZ-2026-0058,040410582605057,1058,0xc6280c9b9248eba6120f9cde902e9950b2210f6d3e9b763d7380fb57357fb0c9,bafybeiaco5vxkiezxmhbsgpurxfrdvpag3uczcyuw22c4pj7ow4topmetq,bafkreidxfcnn2eswocm5cnklzjh6fsiqwr4meh7fqhuapy6uvf6jusnwoq,verified,lulus,eligible,aktif,aktif
20210059,Ajiono Gunawan,Teknik Informatika,eligible,SIAP_DITERBITKAN,pending,IJZ-2026-0059,040410582605058,1059,0xc6280c9b9248eba6120f9cde902e9950b2210f6d3e9b763d7380fb57357fb0c9,bafybeido3twuf4tkynzkjd36w4clxrbg5s6nqhoyipeawpjakd7es4pycu,bafkreibrqgtgmn4slxl2gdgn7skbpgqouysttwt4jfuky2f37bb6q67x7e,verified,lulus,eligible,aktif,aktif
20210060,Nasim Winarno,Ilmu Komunikasi,eligible,SIAP_DITERBITKAN,pending,IJZ-2026-0060,040410582605059,1060,0xc6280c9b9248eba6120f9cde902e9950b2210f6d3e9b763d7380fb57357fb0c9,bafybeigsnxvs6x5meul7bzuee77omgkhuxzokjn7cdzf2l2tcj2qjd45gi,bafkreidtz6krabvquuh5ergpmdnfrh77j44wjrinko3r5n3e4sba7bpuwu,verified,lulus,eligible,aktif,aktif
20210061,Gawati Nugroho,Manajemen,eligible,SIAP_DITERBITKAN,pending,IJZ-2026-0061,040410582605060,1061,0xc6280c9b9248eba6120f9cde902e9950b2210f6d3e9b763d7380fb57357fb0c9,bafybeienkmfooybffn3aqtzj5ll3vpxlal4biuhmfj4ur6hks4ar74fazy,bafkreig6xrvvemvi24dcog2suqhgrqhcnn7rgubngi44yoreav22iqnyfe,verified,lulus,eligible,aktif,aktif
20210062,Jaga Mansur,Akuntansi,eligible,SIAP_DITERBITKAN,pending,IJZ-2026-0062,040410582605061,1062,0xc6280c9b9248eba6120f9cde902e9950b2210f6d3e9b763d7380fb57357fb0c9,bafybeigcrsmbjuniwtfqmwnadlj3lxb2ilhgzshq2v6ixrs7ry2np5m4di,bafkreiasg3wma7cnkoiebczknkktdtd6liewrjrz5as5izmix2nmjnwaqq,verified,lulus,eligible,aktif,aktif
20210063,Yance Pudjiastuti,Manajemen,eligible,SIAP_DITERBITKAN,pending,IJZ-2026-0063,040410582605062,1063,0xc6280c9b9248eba6120f9cde902e9950b2210f6d3e9b763d7380fb57357fb0c9,bafybeibwybhqntst5qqyt2ertgq3xc5cyt37jesd4ernu72z75w3y3ireq,bafkreienlk4lmjwg2nydmqojs7ge62yttiezg3rdhedxe6x6bo7qrurn3u,verified,lulus,eligible,aktif,aktif
20210064,Vivi Nurdiyanti,Manajemen,eligible,SIAP_DITERBITKAN,pending,IJZ-2026-0064,040410582605063,1064,0xc6280c9b9248eba6120f9cde902e9950b2210f6d3e9b763d7380fb57357fb0c9,bafybeiauss7wuuzid2zxfz7bmr4qapdsaogqpcb5tbenadw7zgzhthzzai,bafkreig2yj2r7vjkizt6td2tqa6ylq6ijwkcqepvctwxskgjv2gfwkosn4,verified,lulus,eligible,aktif,aktif
20210065,Empluk Sitorus,Sistem Informasi,eligible,SIAP_DITERBITKAN,pending,IJZ-2026-0065,040410582605064,1065,0xc6280c9b9248eba6120f9cde902e9950b2210f6d3e9b763d7380fb57357fb0c9,bafybeic3cff3xvvinaeef2xldocr43v62xwppkgywgmlow6udqgnypytya,bafkreic4jy3lc4hi5zyangadynplu7ai6tjzalnf5f54x2jnnf3iv3hp3e,verified,lulus,eligible,aktif,aktif
20210066,Nrima Prabowo,Akuntansi,eligible,SIAP_DITERBITKAN,pending,IJZ-2026-0066,040410582605065,1066,0x1f92569cc913af1838b9b640ea252c8442a354169445c023d9e1764e4f4da1f6,bafybeicfjew75x4lai6mxnrr3g7dwpvlpq7lmc4yhi67cmget4ac5wnofy,bafkreie2vqqfgia5clcjvpttdc4hcreharete6ebglygzlp6g75n3eb2yy,verified,lulus,eligible,aktif,aktif
20210067,Rafi Andriani,Ilmu Komunikasi,eligible,SIAP_DITERBITKAN,pending,IJZ-2026-0067,040410582605066,1067,0x1f92569cc913af1838b9b640ea252c8442a354169445c023d9e1764e4f4da1f6,bafybeibvlhbpvtrcnk6os2gx6wgfdvl3xvusfe2umgtdwnp4n6jjndhakq,bafkreiaxgpotdruzcjoau3gezyuwxyt7yp6caecsqmj7cocl6e3nrwlpse,verified,lulus,eligible,aktif,aktif
20210068,Natalia Ardianto,Manajemen,eligible,SIAP_DITERBITKAN,pending,IJZ-2026-0068,040410582605067,1068,0x1f92569cc913af1838b9b640ea252c8442a354169445c023d9e1764e4f4da1f6,bafybeieoyikmeanzkksra5j5ohzbqmdbnvty3q2r5miymdjyesaf2hh7gq,bafkreica6soqlhlsqw7tingefpftm42knwtbiok27uep4mlsglr5xwswza,verified,lulus,eligible,aktif,aktif
20210069,Jinawi Prasetya,Manajemen,eligible,SIAP_DITERBITKAN,pending,IJZ-2026-0069,040410582605068,1069,0x1f92569cc913af1838b9b640ea252c8442a354169445c023d9e1764e4f4da1f6,bafybeicraqhtdkkqnqylaue47f4vgjctxdkhbdyz4tdol2q3ae6ser6fpy,bafkreiauubothmwskiem6vlshvgz6pr7dzxrtgodtl2kaaobjadjs26hzm,verified,lulus,eligible,aktif,aktif
20210070,Tari Marbun,Akuntansi,eligible,SIAP_DITERBITKAN,pending,IJZ-2026-0070,040410582605069,1070,0x1f92569cc913af1838b9b640ea252c8442a354169445c023d9e1764e4f4da1f6,bafybeih6uys2bcg4ekqxsfct26mgtcwdo34pp7eorpvopytibugw5vpclu,bafkreig6btdhnkredyuv367itxbtjgy3yyszwd4cailam4kp45xcl4x74e,verified,lulus,eligible,aktif,aktif
20210071,Bakda Yuniar,Sistem Informasi,eligible,SIAP_DITERBITKAN,pending,IJZ-2026-0071,040410582605070,1071,0x1f92569cc913af1838b9b640ea252c8442a354169445c023d9e1764e4f4da1f6,bafybeie5q42x2nb3yeg6emchzikmambhbx4gk2dd3b6fuphoehk46wqrg4,bafkreidcdm3tcqtw2kmtvge4fp3o35jvziq3cy36c7inpyac5qnmwze2ey,verified,lulus,eligible,aktif,aktif
20210072,Gabriella Hasanah,Manajemen,eligible,SIAP_DITERBITKAN,pending,IJZ-2026-0072,040410582605071,1072,0x1f92569cc913af1838b9b640ea252c8442a354169445c023d9e1764e4f4da1f6,bafybeia5s52gjxy6rjdqr764nlj3dgpnvc336xh5jmgpoyxhopfgprzliq,bafkreighl4ozp2dsvyjopwuk7p3hs3rdrnqru4whvoxexwkkxfjsq5as64,verified,lulus,eligible,aktif,aktif
20210073,Zahra Hutapea,Teknik Informatika,eligible,SIAP_DITERBITKAN,pending,IJZ-2026-0073,040410582605072,1073,0x1f92569cc913af1838b9b640ea252c8442a354169445c023d9e1764e4f4da1f6,bafybeicqhbrpunonpge4yvo7xyw3tsp34kahhm46j2nxhcyz65lbyzk4wm,bafkreialupcydu43kums7kqrpafxxqzfi4txrmnp3ir5fec6z3kdl3vhpa,verified,lulus,eligible,aktif,aktif
20210074,Purwadi Yulianti,Sistem Informasi,eligible,SIAP_DITERBITKAN,pending,IJZ-2026-0074,040410582605073,1074,0x1f92569cc913af1838b9b640ea252c8442a354169445c023d9e1764e4f4da1f6,bafybeigetjefgcsnn2ulroxddhvew4djogxyqu46xopfhwrea4zobch74q,bafkreihdwlb55ecmbj6x5v5zt42lrwob7hbixyjt6cnsfhmwhnz2krfyce,verified,lulus,eligible,aktif,aktif
20210075,Digdaya Mahendra,Sistem Informasi,eligible,SIAP_DITERBITKAN,pending,IJZ-2026-0075,040410582605074,1075,0x1f92569cc913af1838b9b640ea252c8442a354169445c023d9e1764e4f4da1f6,bafybeifjh3vnowv5ahfyr5drzb6s6l6o5zu22p2umhi4zyjk2uhtwqclby,bafkreibg4o47t6awkrtial7vlmns3h2qsyvle6orloi4sv6gdbdfvc3yd4,verified,lulus,eligible,aktif,aktif
20210076,Eli Sudiati,Teknik Informatika,eligible,SIAP_DITERBITKAN,pending,IJZ-2026-0076,040410582605075,1076,0x07f8d840c1b4df0a84a7322ea0fbea302e82f46ce436a00ce5d6ad6f00f05ab9,bafybeidopqubmy5vrwnbtddkuxp4rxgoswweeptojt3pcuvwh3k7s36tnm,bafkreib4n2ilxs54ikyljmypvrhxrucrsok7jz2ls5ww5vo363zgk3pnu4,verified,lulus,eligible,aktif,aktif
20210077,Wisnu Saragih,Manajemen,eligible,SIAP_DITERBITKAN,pending,IJZ-2026-0077,040410582605076,1077,0x07f8d840c1b4df0a84a7322ea0fbea302e82f46ce436a00ce5d6ad6f00f05ab9,bafybeicpkf23h2p7fzuyfcusfvpyysnjplzqqvpqnuqplveeuqvhp3kkle,bafkreid2jj2hxpeb65iyct3j6nqphmlcpnqdjrdphpgxfnch4jljq52aem,verified,lulus,eligible,aktif,aktif
20210078,Lega Utami,Teknik Elektro,eligible,SIAP_DITERBITKAN,pending,IJZ-2026-0078,040410582605077,1078,0x07f8d840c1b4df0a84a7322ea0fbea302e82f46ce436a00ce5d6ad6f00f05ab9,bafybeihmxfor7j7bysa4gba4nlfuck4u6h5grcjgfcvxonzdjelqkybrti,bafkreihgjmzuvcctuh7djcycm5tcs7hvy2tw3knfxrk45t4rkrnnm7lr24,verified,lulus,eligible,aktif,aktif
20210079,Patricia Aryani,Ilmu Komunikasi,eligible,SIAP_DITERBITKAN,pending,IJZ-2026-0079,040410582605078,1079,0x07f8d840c1b4df0a84a7322ea0fbea302e82f46ce436a00ce5d6ad6f00f05ab9,bafybeifcr7m6fj43zvkshpxoxzhzvwdwk7vdr54bolshdecik45kk4lxvm,bafkreigun23tyub2wn64lkyglyok6q256akozhfeyidgumbklgxk4iazge,verified,lulus,eligible,aktif,aktif
20210080,Cici Astuti,Manajemen,eligible,SIAP_DITERBITKAN,pending,IJZ-2026-0080,040410582605079,1080,0x07f8d840c1b4df0a84a7322ea0fbea302e82f46ce436a00ce5d6ad6f00f05ab9,bafybeiecqph3ks44zxfypc2mbgd5l7pufu2soscnb55x3jaq4cgmrvso5a,bafkreidg5bzwiu5zt63nudi2nzrmehjfj5a4jwrdtoruslw5zaeq2wuo24,verified,lulus,eligible,aktif,aktif
20210081,Raisa Nasyiah,Ilmu Komunikasi,eligible,SIAP_DITERBITKAN,pending,IJZ-2026-0081,040410582605080,1081,0x07f8d840c1b4df0a84a7322ea0fbea302e82f46ce436a00ce5d6ad6f00f05ab9,bafybeiasxutliucjtscnd4ljonflwbimabhs7phomlntzbco2xzlot5qhe,bafkreiasucu7aifztxzpzh5hgrjfp7iu4cimiboxzfk2h2oog6htyyza3i,verified,lulus,eligible,aktif,aktif
20210082,Estiawan Hartati,Akuntansi,eligible,SIAP_DITERBITKAN,pending,IJZ-2026-0082,040410582605081,1082,0x07f8d840c1b4df0a84a7322ea0fbea302e82f46ce436a00ce5d6ad6f00f05ab9,bafybeif3764irdhfyw4zolyazbeacismde57ecbx775kairxvcu2pxavu4,bafkreicyk3fwybmhuswusbcby4lmb3zjlnmkaryamgix354oldcdursl5y,verified,lulus,eligible,aktif,aktif
20210083,Zizi Simbolon,Teknik Elektro,eligible,SIAP_DITERBITKAN,pending,IJZ-2026-0083,040410582605082,1083,0x07f8d840c1b4df0a84a7322ea0fbea302e82f46ce436a00ce5d6ad6f00f05ab9,bafybeig6ldljvu3ci7peg6hlggetj4dgticxkcvj2rribbs32j7nc7tew4,bafkreiac2slqyaksy5kjql3cnosiyuitzkzya542crdgylvkhwbmiotaia,verified,lulus,eligible,aktif,aktif
20210084,Puti Anggriawan,Sistem Informasi,eligible,SIAP_DITERBITKAN,pending,IJZ-2026-0084,040410582605083,1084,0x07f8d840c1b4df0a84a7322ea0fbea302e82f46ce436a00ce5d6ad6f00f05ab9,bafybeig3pfmisi7k4ukol5xcmkfcgw6hwtkjndj6dne6mwm3xusce2ceri,bafkreiabkohmpkvqvzev5gywjyc5pqdoju5tppqwtcyo2vhpzbmehah3uu,verified,lulus,eligible,aktif,aktif
20210085,Muhammad Kusmawati,Teknik Informatika,eligible,SIAP_DITERBITKAN,pending,IJZ-2026-0085,040410582605084,1085,0x07f8d840c1b4df0a84a7322ea0fbea302e82f46ce436a00ce5d6ad6f00f05ab9,bafybeibhx7v665zqbsdbpqful3rutqbanvyajrzkcn77bp4qydlw26bxzq,bafkreibn2qt3zh32yhqrkil3r7jodk4vfrw6ajtesiauafnbmece6iyd3q,verified,lulus,eligible,aktif,aktif
20210086,Talia Prasasta,Manajemen,eligible,SIAP_DITERBITKAN,pending,IJZ-2026-0086,040410582605085,1086,0x07f8d840c1b4df0a84a7322ea0fbea302e82f46ce436a00ce5d6ad6f00f05ab9,bafybeieisskic45flcqedkfcoyukrzmomcxuib3xrnoancqpyt25bsnzza,bafkreibnpft24kppix7fwkgle6sa2tovj6sdoazp5u6oefb2njwh7xby4e,verified,lulus,eligible,aktif,aktif
20210087,Kamila Hasanah,Teknik Informatika,eligible,SIAP_DITERBITKAN,pending,IJZ-2026-0087,040410582605086,1087,0x07f8d840c1b4df0a84a7322ea0fbea302e82f46ce436a00ce5d6ad6f00f05ab9,bafybeia4cnhqwjx5m45niytelmstcmxvojsolxylbcfwrcgutrtuogqjba,bafkreickde74wwy4tywiecp3hympdqjmbkfdpzcoqdpvrybmsw2qbokkzy,verified,lulus,eligible,aktif,aktif
20210088,Dadi Pratama,Akuntansi,eligible,SIAP_DITERBITKAN,pending,IJZ-2026-0088,040410582605087,1088,0x07f8d840c1b4df0a84a7322ea0fbea302e82f46ce436a00ce5d6ad6f00f05ab9,bafybeihyrwxyqli7dalb3ywfg7bwwlrz5gviqnzo3vg62bddtggrvcmuqe,bafkreififtu5bacb65eiorbgliv2qyd3l4rwdvtvputibfovbipixzedja,verified,lulus,eligible,aktif,aktif
20210089,Ghaliyati Tarihoran,Akuntansi,eligible,SIAP_DITERBITKAN,pending,IJZ-2026-0089,040410582605088,1089,0x07f8d840c1b4df0a84a7322ea0fbea302e82f46ce436a00ce5d6ad6f00f05ab9,bafybeialnegoe2iqr4ex37bgoptywsmzj5szrdyi762kllpsm6kx57e3vm,bafkreibgqmcgashtap5t3qndghpf3kaupepdtzzgj4vpocbgdeq4hzrwqe,verified,lulus,eligible,aktif,aktif
20210090,Kadir Siregar,Manajemen,eligible,SIAP_DITERBITKAN,pending,IJZ-2026-0090,040410582605089,1090,0x07f8d840c1b4df0a84a7322ea0fbea302e82f46ce436a00ce5d6ad6f00f05ab9,bafybeiffuj7kstblu3bfxhp7t74y36gpiwoedsq6f2olw6woeopusoumwm,bafkreihas2vmdx7wuggkqlrako6hklxarrbjahekdely3c4dncncyxklji,verified,lulus,eligible,aktif,aktif
20210091,Nadine Kuswandari,Teknik Informatika,eligible,SIAP_DITERBITKAN,pending,IJZ-2026-0091,040410582605090,1091,0x07f8d840c1b4df0a84a7322ea0fbea302e82f46ce436a00ce5d6ad6f00f05ab9,bafybeihxtjj5f33uwao3ws3kvwzzrppvz3ygf3ondpt2czj4v2n7dkoklm,bafkreigcgt6veq6bco6qlqa4sp2uzxsoqzss6fuxqszax4ckqvuisqdl3e,verified,lulus,eligible,aktif,aktif
20210092,Himawan Lestari,Teknik Informatika,eligible,SIAP_DITERBITKAN,pending,IJZ-2026-0092,040410582605091,1092,0x07f8d840c1b4df0a84a7322ea0fbea302e82f46ce436a00ce5d6ad6f00f05ab9,bafybeidu6e2s2rzsc5ss3ns6ybqy35t453xwnpsluugphkrji7vrlaecle,bafkreiekmmzluonx5ycpnd5ptnh6mdvg35l3idyadbl6koxjubhb6nvg3i,verified,lulus,eligible,aktif,aktif
20210093,Chelsea Prayoga,Akuntansi,eligible,SIAP_DITERBITKAN,pending,IJZ-2026-0093,040410582605092,1093,0x07f8d840c1b4df0a84a7322ea0fbea302e82f46ce436a00ce5d6ad6f00f05ab9,bafybeiftel6kk4dmgod766nfnrjsrwsmuxagqhv7x2kvwdzckkognddmue,bafkreibxcokz3yk5uengf66wtmv6d5cqbhyc75zxarz6jrczjlly42anoq,verified,lulus,eligible,aktif,aktif
20210094,Maimunah Salahudin,Teknik Elektro,eligible,SIAP_DITERBITKAN,pending,IJZ-2026-0094,040410582605093,1094,0x07f8d840c1b4df0a84a7322ea0fbea302e82f46ce436a00ce5d6ad6f00f05ab9,bafybeih35gd2mzlrmuevdgoqqvkqdxqhigdglu5tbdtombphxfh72pt664,bafkreibeoqu5gvygzoc6qwfic7inv6utfwliant2fnpc7mkopzj4r5536m,verified,lulus,eligible,aktif,aktif
20210095,Warta Pranowo,Teknik Informatika,eligible,SIAP_DITERBITKAN,pending,IJZ-2026-0095,040410582605094,1095,0x07f8d840c1b4df0a84a7322ea0fbea302e82f46ce436a00ce5d6ad6f00f05ab9,bafybeigq4jvllgz4kglwef2tvluejwsrz6datf2vhg4ybxkwsqnybczxnq,bafkreigy2pqxpbywfn3bbdzbct3fo3eqbcmztog43szpav2cttzc4y3ety,verified,lulus,eligible,aktif,aktif
20210096,Candrakanta Adriansyah,Manajemen,eligible,SIAP_DITERBITKAN,pending,IJZ-2026-0096,040410582605095,1096,0x07f8d840c1b4df0a84a7322ea0fbea302e82f46ce436a00ce5d6ad6f00f05ab9,bafybeifbku2pohjntfqaudblgg54mgxoxyywwaolbkt6ue2h3ycpoz4cmi,bafkreibmbzda5obsnvisrkbnkqm47inkm3hw2yy7agqkmkrj7r456sof4i,verified,lulus,eligible,aktif,aktif
20210097,Tiara Suryono,Ilmu Komunikasi,eligible,SIAP_DITERBITKAN,pending,IJZ-2026-0097,040410582605096,1097,0x07f8d840c1b4df0a84a7322ea0fbea302e82f46ce436a00ce5d6ad6f00f05ab9,bafybeihgbzgpsjvwaodifb6ysol5h3onbmxogfm3s4pe264iqptgzt35zq,bafkreictbkjgzsyr3s6rmmcduywn4hepizdu55ci4ztqlpoxwwoi5zhhiq,verified,lulus,eligible,aktif,aktif
20210098,Irwan Latupono,Teknik Elektro,eligible,SIAP_DITERBITKAN,pending,IJZ-2026-0098,040410582605097,1098,0x07f8d840c1b4df0a84a7322ea0fbea302e82f46ce436a00ce5d6ad6f00f05ab9,bafybeihbswpxjmxg6uaigzxosf2vv25jyrjltitj6bo6xwmhfnlvk2kohu,bafkreie2qlqizd3k3pspngyrdamnxigi4nfzzxoc3ovyqbegfqrs4ht5aq,verified,lulus,eligible,aktif,aktif
20210099,Prima Samosir,Teknik Elektro,eligible,SIAP_DITERBITKAN,pending,IJZ-2026-0099,040410582605098,1099,0x07f8d840c1b4df0a84a7322ea0fbea302e82f46ce436a00ce5d6ad6f00f05ab9,bafybeibecxgpys23bryhah7e7tj7t6up25ebevsal5wchy5lo3vl7pa3ti,bafkreiduzznortynit55elpjuzretcjktg3w565n2mubjmtvj4jjjr2d5e,verified,lulus,eligible,aktif,aktif
20210100,Tira Waskita,Manajemen,eligible,SIAP_DITERBITKAN,pending,IJZ-2026-0100,040410582605099,1100,0x07f8d840c1b4df0a84a7322ea0fbea302e82f46ce436a00ce5d6ad6f00f05ab9,bafybeidghcy6hnrd2afe3lhysfkiprvrlntldztfpj6eugb46zukwn2ucy,bafkreiak3ekqf72mv2q7zdx4exz6uwtxqjh5hqndrtdtiwzdichyvrhzuu,verified,lulus,eligible,aktif,aktif
20210101,Tirtayasa Astuti,Teknik Informatika,eligible,SIAP_DITERBITKAN,pending,IJZ-2026-0101,040410582605100,1101,0xd958f81251ad4dff0a597322578187ba31dabc8c624b56f0f833404e63390bb8,bafybeiboopqor5b6jb6k2hqgk3u6fllcxpm7mro6huccdzmanxzdu2klci,bafkreiekzjvgagpdeirkaqdpooriqazblfc7ooahjezvj57iognvp33wsu,verified,lulus,eligible,aktif,aktif
20210102,Prakosa Wulandari,Sistem Informasi,eligible,SIAP_DITERBITKAN,pending,IJZ-2026-0102,040410582605101,1102,0xd958f81251ad4dff0a597322578187ba31dabc8c624b56f0f833404e63390bb8,bafybeib34fx5ckd634o33d6i6z4pfezjwayqj3ugpa2i5zw3vuectezji4,bafkreig5fmy4523y4pqekznrgkz4hbibtmymnbaau7zkgbpc5obx6an7qa,verified,lulus,eligible,aktif,aktif
20210103,Indah Najmudin,Manajemen,eligible,SIAP_DITERBITKAN,pending,IJZ-2026-0103,040410582605102,1103,0xd958f81251ad4dff0a597322578187ba31dabc8c624b56f0f833404e63390bb8,bafybeif4gqulnoea2ys7dxngkt5p5iketfuyulkp2bnrlyboem5mbvurq4,bafkreicd4kn44nlucavfhkgrlpfhoasslnjh3kube52cuahyqh6pnttv3u,verified,lulus,eligible,aktif,aktif
20210104,Juli Sinaga,Teknik Elektro,eligible,SIAP_DITERBITKAN,pending,IJZ-2026-0104,040410582605103,1104,0xd958f81251ad4dff0a597322578187ba31dabc8c624b56f0f833404e63390bb8,bafybeidizq7f3kkfgxa7cwykx66fvcrfmrszlybxz46e4hzicweedtolji,bafkreihp5vpj6fj3mryc6urah5leapogch5bwrm7t2ubcy3acu7nwa6zlu,verified,lulus,eligible,aktif,aktif
20210105,Salimah Wacana,Manajemen,eligible,SIAP_DITERBITKAN,pending,IJZ-2026-0105,040410582605104,1105,0xd958f81251ad4dff0a597322578187ba31dabc8c624b56f0f833404e63390bb8,bafybeihmu5bv73al57zyqopnx3fkyeijsvpbg7bhzrmo2tsvj6s5rhlfs4,bafkreicnzseqefso7pplgncar3p3734sadvtevv3n74ugra6murnq3fqvu,verified,lulus,eligible,aktif,aktif
20210106,Calista Waskita,Teknik Informatika,eligible,SIAP_DITERBITKAN,pending,IJZ-2026-0106,040410582605105,1106,0xd958f81251ad4dff0a597322578187ba31dabc8c624b56f0f833404e63390bb8,bafybeihmhmh4nkzyobntxmwnrvc2knfefjxf4somwwveqo53cc5nza6hpa,bafkreiajr52vieaj5w2ruz3sbnxmjzvdudbnufepw46njikvhueo3hdcfi,verified,lulus,eligible,aktif,aktif
20210107,Karja Tarihoran,Manajemen,eligible,SIAP_DITERBITKAN,pending,IJZ-2026-0107,040410582605106,1107,0xd958f81251ad4dff0a597322578187ba31dabc8c624b56f0f833404e63390bb8,bafybeibgum5u476i66y6bnr54tymkcusqdd2cassgvslko7gyicslnwpu4,bafkreibhyigkerleoq2ijo7adlpvushbrhcdazfli4lvalrzgpq3ydadjy,verified,lulus,eligible,aktif,aktif
20210108,Wira Suwarno,Teknik Informatika,eligible,SIAP_DITERBITKAN,pending,IJZ-2026-0108,040410582605107,1108,0xd958f81251ad4dff0a597322578187ba31dabc8c624b56f0f833404e63390bb8,bafybeidgjlxfivygz7iic6siffma7it26mfaqhl4r5pnl2imuc3ejwayei,bafkreiban5y6g6my4wd7y7ldqsfr2dpcspmfkbruftqavzmzyt72vuoqsu,verified,lulus,eligible,aktif,aktif
20210109,Nyana Manullang,Manajemen,eligible,SIAP_DITERBITKAN,pending,IJZ-2026-0109,040410582605108,1109,0xd958f81251ad4dff0a597322578187ba31dabc8c624b56f0f833404e63390bb8,bafybeieaaq7f6ghay2rvz66ickxmjmnsydqigoikhmlq46vputxwroazyi,bafkreigaoacjvwol253i2vh2hhxsdifph333vrs7ljvffuijz6j4k7yhcu,verified,lulus,eligible,aktif,aktif
20210110,Devi Yuliarti,Ilmu Komunikasi,eligible,SIAP_DITERBITKAN,pending,IJZ-2026-0110,040410582605109,1110,0xd958f81251ad4dff0a597322578187ba31dabc8c624b56f0f833404e63390bb8,bafybeifoxmcsztspguyic2in2ksohxu4lgrqrdtchvca4455tey4iiq5w4,bafkreih62ed7rsgxekysfsuy7xh3n4epyxdij3jaabcl2fu2fldkswrvyi,verified,lulus,eligible,aktif,aktif
20210111,Lidya Laksmiwati,Akuntansi,eligible,SIAP_DITERBITKAN,pending,IJZ-2026-0111,040410582605110,1111,0xd958f81251ad4dff0a597322578187ba31dabc8c624b56f0f833404e63390bb8,bafybeigjq7c55cmr5qtwwxrzygemrmtx7lf7c4ugxsyuo7b6csqabajb6e,bafkreihujbs2h4ukkujixui7z3fm6fh3kmfjal5pzb7q4dbfcxkrn4urze,verified,lulus,eligible,aktif,aktif
20210112,Saka Hidayat,Manajemen,eligible,SIAP_DITERBITKAN,pending,IJZ-2026-0112,040410582605111,1112,0xd958f81251ad4dff0a597322578187ba31dabc8c624b56f0f833404e63390bb8,bafybeie4wapmwizllglizqweukprp724aycyhfsvjji2b6k5rdqfxmddhm,bafkreifknerlwenvrnsshtadq3wujgs44mcxjrnpw4vyxz5kevzjmiz5zu,verified,lulus,eligible,aktif,aktif
20210113,Eko Salahudin,Ilmu Komunikasi,eligible,SIAP_DITERBITKAN,pending,IJZ-2026-0113,040410582605112,1113,0xd958f81251ad4dff0a597322578187ba31dabc8c624b56f0f833404e63390bb8,bafybeie35r6xnv3fbvd4f653oqfpctwf4f3fjbbbyqmikrdscvndlkpcl4,bafkreifac4kivhrpztmddnihaeng2n3nujc7u3apndvdzy7znsembb5tay,verified,lulus,eligible,aktif,aktif
20210114,Jelita Sitorus,Manajemen,eligible,SIAP_DITERBITKAN,pending,IJZ-2026-0114,040410582605113,1114,0xd958f81251ad4dff0a597322578187ba31dabc8c624b56f0f833404e63390bb8,bafybeifjcdgvwt4pxdvlognctvhvijvmjjcyprrmncahzzs6hdx6ko3rwy,bafkreib6kqqmxvorrb2l4iv2bxri2a6iq4ppt35yoh5qkmytzb3lvdn2jq,verified,lulus,eligible,aktif,aktif
20210115,Kenzie Winarno,Teknik Informatika,eligible,SIAP_DITERBITKAN,pending,IJZ-2026-0115,040410582605114,1115,0xd958f81251ad4dff0a597322578187ba31dabc8c624b56f0f833404e63390bb8,bafybeiefbku4egp4vh6h6qxk4m5ka42pvywnkwcgwpz5imbvupidhlwdgy,bafkreigbag3axdkej6mmbirtkzog6yo253zni3pc5skrniloqetmiieaqq,verified,lulus,eligible,aktif,aktif
20210116,Kiandra Wijayanti,Sistem Informasi,eligible,SIAP_DITERBITKAN,pending,IJZ-2026-0116,040410582605115,1116,0xd958f81251ad4dff0a597322578187ba31dabc8c624b56f0f833404e63390bb8,bafybeieme3b6oroeuafwody6grrpchwep2axj6se7pzo2l5uunuggy56ze,bafkreidnktmyvdzekbus5a4r7ghawyexwwisalhjpc53n2ssoel5osukdm,verified,lulus,eligible,aktif,aktif
20210117,Cinthia Farida,Teknik Informatika,eligible,SIAP_DITERBITKAN,pending,IJZ-2026-0117,040410582605116,1117,0xd958f81251ad4dff0a597322578187ba31dabc8c624b56f0f833404e63390bb8,bafybeih7nk6pg2fy2q72slyylpx3epzilzo43diku26c7lznlt52ztj5jy,bafkreig7giyqf4xdet7e2lojvuemljopf7kam2iekds5xve7ie4mfsd5fy,verified,lulus,eligible,aktif,aktif
20210118,Bahuraksa Halimah,Akuntansi,eligible,SIAP_DITERBITKAN,pending,IJZ-2026-0118,040410582605117,1118,0xd958f81251ad4dff0a597322578187ba31dabc8c624b56f0f833404e63390bb8,bafybeihvcwxwu3xizzm67zjctriwdkczpbdb2en6ezrsgu7t5v7dejh7jq,bafkreielrxuvsn7labm3dvxyi6gnqeoqibagrkrto66b5jedm2bhszrxti,verified,lulus,eligible,aktif,aktif
20210119,Zulaikha Wulandari,Teknik Elektro,eligible,SIAP_DITERBITKAN,pending,IJZ-2026-0119,040410582605118,1119,0xd958f81251ad4dff0a597322578187ba31dabc8c624b56f0f833404e63390bb8,bafybeibvo25zgpkxrycb3jjqtqb5enza5as4pee2zb5ts2ekjy26nz3g64,bafkreiej3n5djzkrq3rvxyxtuhlmmhbiqkhnkuu3umxjtqfhib6vbkfkqq,verified,lulus,eligible,aktif,aktif
20210120,Daryani Usamah,Sistem Informasi,eligible,SIAP_DITERBITKAN,pending,IJZ-2026-0120,040410582605119,1120,0xd958f81251ad4dff0a597322578187ba31dabc8c624b56f0f833404e63390bb8,bafybeib2mcir57vty5lxtfdm6dcasxz2ygm53lr7dz3jhadapxbrm4gqfq,bafkreicazmd7gufqwvz3bd33oy6tsq22ddqk27wthdjrndhjeylgk34eau,verified,lulus,eligible,aktif,aktif
20210121,Ibun Marbun,Teknik Informatika,eligible,SIAP_DITERBITKAN,pending,IJZ-2026-0121,040410582605120,1121,0xd958f81251ad4dff0a597322578187ba31dabc8c624b56f0f833404e63390bb8,bafybeiailiiymouylj5ypnuppi767zwuuzhf5lfmy7cc5mjhvtkg4sq7oe,bafkreihlln4llfy5hie4nc77maxlh57olzn425at3aytxrlhtymhemt2ui,verified,lulus,eligible,aktif,aktif
20210122,Kasiyah Astuti,Akuntansi,eligible,SIAP_DITERBITKAN,pending,IJZ-2026-0122,040410582605121,1122,0xd958f81251ad4dff0a597322578187ba31dabc8c624b56f0f833404e63390bb8,bafybeig2nt5kbqbj2gtmya62h3dbggpbq4w7n66haqiuuoh23xgpl7jrxi,bafkreiexqpoolg244ajgb7hijrqovtosg77sg2qgyiefttolstskyku57i,verified,lulus,eligible,aktif,aktif
20210123,Lurhur Wibowo,Akuntansi,eligible,SIAP_DITERBITKAN,pending,IJZ-2026-0123,040410582605122,1123,0xd958f81251ad4dff0a597322578187ba31dabc8c624b56f0f833404e63390bb8,bafybeicdqjvbqbma44oat35ioj6qxaltimxkh577ai3kmjwnk6y26jinza,bafkreibsmjdoyu3trzgtdiznoavn26m3wcjcmrh5pvlrnic4jba3ekqhcm,verified,lulus,eligible,aktif,aktif
20210124,Michelle Rajasa,Manajemen,eligible,SIAP_DITERBITKAN,pending,IJZ-2026-0124,040410582605123,1124,0xd958f81251ad4dff0a597322578187ba31dabc8c624b56f0f833404e63390bb8,bafybeicdj6vwmuqcbhyd4nvpq4wjlhtjsowsjw5glomofbvuwsymj5msuy,bafkreifzam4dwwcmrmrp4aybe65kvxghuyq2cdnbwju5rotsuuxb4bqvqa,verified,lulus,eligible,aktif,aktif
20210125,Bagya Handayani,Teknik Elektro,eligible,SIAP_DITERBITKAN,pending,IJZ-2026-0125,040410582605124,1125,0xd958f81251ad4dff0a597322578187ba31dabc8c624b56f0f833404e63390bb8,bafybeig6ab5x3txmp6sjp3rxbwsmnz2dpwn6eteqlyv3xtaybva7sukcni,bafkreig7mjyawy3z7b3se6s4nb3js55sb4of6f6ycnbrllleqfhzq6fwee,verified,lulus,eligible,aktif,aktif
20210126,Zulfa Sihombing,Manajemen,eligible,SIAP_DITERBITKAN,pending,IJZ-2026-0126,040410582605125,1126,0x7725e0568b386ba586881347f5736ea22c375c1a12a67dc01a070a7f8ba33083,bafybeigwy36w5nzxlgwxoa7pvfypvbxonfvacyyzz6frbceahr3gko357y,bafkreif6nxc5tgxwoj5mzwgge45hxr4qsm7rvb2tjxlkf2mfxxmcxbwtkm,verified,lulus,eligible,aktif,aktif
20210127,Ratih Sihombing,Ilmu Komunikasi,eligible,SIAP_DITERBITKAN,pending,IJZ-2026-0127,040410582605126,1127,0x7725e0568b386ba586881347f5736ea22c375c1a12a67dc01a070a7f8ba33083,bafybeianok6aelc5lwsrrdham7pjgedeanpsgtxbaas7iu5ycs6vwsqclm,bafkreicqq5ir2yhd335ltytawauoaq3wzmtqvupt7bvcynr3ypgkh7lnk4,verified,lulus,eligible,aktif,aktif
20210128,Viktor Sudiati,Teknik Elektro,eligible,SIAP_DITERBITKAN,pending,IJZ-2026-0128,040410582605127,1128,0x7725e0568b386ba586881347f5736ea22c375c1a12a67dc01a070a7f8ba33083,bafybeiakuplzlqozj3x6ez6lw2dzi4xsmrn7cg64gocgimybrxr2rbmdgq,bafkreidfydrkqmautjlqfhqk3ckrre3zyxfkephskf5ezrpiimnlqz4ska,verified,lulus,eligible,aktif,aktif
20210129,Makara Nainggolan,Ilmu Komunikasi,eligible,SIAP_DITERBITKAN,pending,IJZ-2026-0129,040410582605128,1129,0x7725e0568b386ba586881347f5736ea22c375c1a12a67dc01a070a7f8ba33083,bafybeibv3mnghxgu72slaptd472zo6vcnthr6wemqqjs6kb35tvg5jqxxq,bafkreia33fbdfys4m2t3xmiutsbdc3lwjlwephc5ily5epq5brzboomzki,verified,lulus,eligible,aktif,aktif
20210130,Galak Farida,Sistem Informasi,eligible,SIAP_DITERBITKAN,pending,IJZ-2026-0130,040410582605129,1130,0x7725e0568b386ba586881347f5736ea22c375c1a12a67dc01a070a7f8ba33083,bafybeiarpjggw6rdrcodtmo7q23miqyuf5kavl4vba5ev6h3orl4rto33e,bafkreidr7vciuknkbwfxrx46b3xnfkfdthonk2euwapbhngj5mlr7bstru,verified,lulus,eligible,aktif,aktif
20210131,Ellis Pangestu,Teknik Elektro,eligible,SIAP_DITERBITKAN,pending,IJZ-2026-0131,040410582605130,1131,0x7725e0568b386ba586881347f5736ea22c375c1a12a67dc01a070a7f8ba33083,bafybeif4zsbw5syse7vrg7mfxhwtay7dzcsao2oh6lzyceeqgoo3yz3oaa,bafkreie4ys53aa6kyk5awbz4rnqitk2lafyruxb4s7uo6nvmina2e4evtu,verified,lulus,eligible,aktif,aktif
20210132,Yani Sihombing,Teknik Informatika,eligible,SIAP_DITERBITKAN,pending,IJZ-2026-0132,040410582605131,1132,0x7725e0568b386ba586881347f5736ea22c375c1a12a67dc01a070a7f8ba33083,bafybeidmq2tabbfamvrwccycdsi45w6tpf4vfa37jwiimhlljzxyohbe7q,bafkreibdadvyatkf42zxarog6cxwiiymzjevrxuiuucimnt2qknvn4fnya,verified,lulus,eligible,aktif,aktif
20210133,Satya Wastuti,Akuntansi,eligible,SIAP_DITERBITKAN,pending,IJZ-2026-0133,040410582605132,1133,0x7725e0568b386ba586881347f5736ea22c375c1a12a67dc01a070a7f8ba33083,bafybeiezqxoiahr7if36ezvhqvgdtbsxhwrchil4cvrpxuhzjhqk7eytki,bafkreifsw5nsiwsjlhvfwyu2c5rw6ulidqm252iguvsnhphlfykcc24lue,verified,lulus,eligible,aktif,aktif
20210134,Eman Nasyiah,Ilmu Komunikasi,eligible,SIAP_DITERBITKAN,pending,IJZ-2026-0134,040410582605133,1134,0x7725e0568b386ba586881347f5736ea22c375c1a12a67dc01a070a7f8ba33083,bafybeiendzvmr733br2pgjamrnyyuu62u6qejf7orgzadv6qvunvdldy4q,bafkreihflsksl44fes4azkpitu4zwtpeopccbtqmh46xfr2uv5f5d3evbe,verified,lulus,eligible,aktif,aktif
20210135,Cici Wulandari,Akuntansi,eligible,SIAP_DITERBITKAN,pending,IJZ-2026-0135,040410582605134,1135,0x7725e0568b386ba586881347f5736ea22c375c1a12a67dc01a070a7f8ba33083,bafybeice6aljdt6qct6raluwqruhhzjeyl7bfwdlzjzggmuj223qpb2sn4,bafkreifd3ro5xgphhcg7nmslkuopymareuy24stvlewkng7j2mutdkxaye,verified,lulus,eligible,aktif,aktif
20210136,Makara Hariyah,Manajemen,eligible,SIAP_DITERBITKAN,pending,IJZ-2026-0136,040410582605135,1136,0x7725e0568b386ba586881347f5736ea22c375c1a12a67dc01a070a7f8ba33083,bafybeifbncmgp4dj6hvqbayuobdm5jnzhjqsxvu5i3rov7ao6ass7yu7pq,bafkreifk27duymbg24y5bts4eh3onkl2kgo4kxx7av5dvspiag453uv6va,verified,lulus,eligible,aktif,aktif
20210137,Gadang Lailasari,Akuntansi,eligible,SIAP_DITERBITKAN,pending,IJZ-2026-0137,040410582605136,1137,0x7725e0568b386ba586881347f5736ea22c375c1a12a67dc01a070a7f8ba33083,bafybeie4dtz3knauswt4ahwrjfo5shsopnkxnst6caaerccf4h5d6ldhhe,bafkreib6obi6xufywdhvdknz7wehgyvze4qdfhoiwzprln5zuqjshzbxpa,verified,lulus,eligible,aktif,aktif
20210138,Salsabila Namaga,Sistem Informasi,eligible,SIAP_DITERBITKAN,pending,IJZ-2026-0138,040410582605137,1138,0x7725e0568b386ba586881347f5736ea22c375c1a12a67dc01a070a7f8ba33083,bafybeicmwzne4dkj3mbocforxeunvltzducpvfithokkufcwihgwr3molu,bafkreihu5bsdz4yq7krsaf27zrdzocgw3qmvpyfu7kshemcl3wttaaiota,verified,lulus,eligible,aktif,aktif
20210139,Raisa Wasita,Ilmu Komunikasi,eligible,SIAP_DITERBITKAN,pending,IJZ-2026-0139,040410582605138,1139,0x7725e0568b386ba586881347f5736ea22c375c1a12a67dc01a070a7f8ba33083,bafybeidmji4pmjwk4lrfkspd7s32e5qlxekxs2rdg7lz5i5qzeze7kjtee,bafkreidnpdewshjzsreq4gmcaxcblfp2qgiyzjohgomha5ugzj4bqifwvy,verified,lulus,eligible,aktif,aktif
20210140,Gilda Tarihoran,Akuntansi,eligible,SIAP_DITERBITKAN,pending,IJZ-2026-0140,040410582605139,1140,0x7725e0568b386ba586881347f5736ea22c375c1a12a67dc01a070a7f8ba33083,bafybeihhjtpois3s6e5rejl3wq4xkidyd3mqiwhlqw44ldhuh2xt3zgaha,bafkreidpqnsm4545l6beacrw5b7oepxpq5hozavmwsbecdia2brjbc7pmi,verified,lulus,eligible,aktif,aktif
20210141,Fitriani Maheswara,Teknik Informatika,eligible,SIAP_DITERBITKAN,pending,IJZ-2026-0141,040410582605140,1141,0x7725e0568b386ba586881347f5736ea22c375c1a12a67dc01a070a7f8ba33083,bafybeieolepzejjrqwybrc66szi5hmumf5ifawlybdyv5lv2vx6e3e4mhu,bafkreiboswzghwlydoev5jlvjvl263gdk6v6oddj57ctf6goxsydhe6gze,verified,lulus,eligible,aktif,aktif
20210142,Asirwanda Sitorus,Akuntansi,eligible,SIAP_DITERBITKAN,pending,IJZ-2026-0142,040410582605141,1142,0x7725e0568b386ba586881347f5736ea22c375c1a12a67dc01a070a7f8ba33083,bafybeibh53hgpl2khbbrqqamrno2q5zsk4bfovajrhdkmgxyftvkgjzqj4,bafkreigwcwr272gioxcmzoe536xmlgrpwe4zpjiuvpr5kasbg7j2w4t6bu,verified,lulus,eligible,aktif,aktif
20210143,Langgeng Pratama,Sistem Informasi,eligible,SIAP_DITERBITKAN,pending,IJZ-2026-0143,040410582605142,1143,0x7725e0568b386ba586881347f5736ea22c375c1a12a67dc01a070a7f8ba33083,bafybeighxqbr3ya5lw4nlp3wnfq3z5mn6ts3kmsrvwkzff6wr2ovgfocbm,bafkreidmj2scwhq5ellp22gnaqjjf6ry4gierka4k2qd652pxge47vb73e,verified,lulus,eligible,aktif,aktif
20210144,Kayun Ramadan,Teknik Informatika,eligible,SIAP_DITERBITKAN,pending,IJZ-2026-0144,040410582605143,1144,0x7725e0568b386ba586881347f5736ea22c375c1a12a67dc01a070a7f8ba33083,bafybeigj2pi4swwp2bgyuth7mxu7vmbjk63vbyvxwtn4y52pmv32sqib7m,bafkreifrsrbxzcnyxnsmhr7mjndqw4qei5q6k4kvk7bcbxmxfyswdabmkq,verified,lulus,eligible,aktif,aktif
20210145,Lanjar Sinaga,Sistem Informasi,eligible,SIAP_DITERBITKAN,pending,IJZ-2026-0145,040410582605144,1145,0x7725e0568b386ba586881347f5736ea22c375c1a12a67dc01a070a7f8ba33083,bafybeib74aucjrnovjfrvuzuvbx6l4cphujuibq4nz66uwd7mzca54udiy,bafkreicwp3v7wxjqs6i6nkjvm4jengousbhifdbielwawkzxj6nynpi3w4,verified,lulus,eligible,aktif,aktif
20210146,Jaswadi Hassanah,Teknik Informatika,eligible,SIAP_DITERBITKAN,pending,IJZ-2026-0146,040410582605145,1146,0x7725e0568b386ba586881347f5736ea22c375c1a12a67dc01a070a7f8ba33083,bafybeice6qno42yce7jycdklyqdhqyvzyrzgygx74t6rw2oaicupflynzy,bafkreihupnnmjpmoicaevprqnmdawiswzboc4ykat6zh3yisuiz6kvs7zm,verified,lulus,eligible,aktif,aktif
20210147,Ozy Wahyuni,Teknik Informatika,eligible,SIAP_DITERBITKAN,pending,IJZ-2026-0147,040410582605146,1147,0x7725e0568b386ba586881347f5736ea22c375c1a12a67dc01a070a7f8ba33083,bafybeidw5vg6dnqrgeiv3s6jwpzouxgzwzurvbr7bzzdsljw7udmgth5mu,bafkreic447sdyzlxcu2huxykv5lx7kzch35otzce6odnz7p5ckrvo27kde,verified,lulus,eligible,aktif,aktif
20210148,Silvia Kurniawan,Teknik Informatika,eligible,SIAP_DITERBITKAN,pending,IJZ-2026-0148,040410582605147,1148,0x7725e0568b386ba586881347f5736ea22c375c1a12a67dc01a070a7f8ba33083,bafybeigym5p5b4q4wys67hx3fcu3uicpanr5f3rqttigy3koy2ng3slr6a,bafkreiaddnewmxyx6ipzaomocphujmylzdx7yc77y7wsuswwih34rf4l2a,verified,lulus,eligible,aktif,aktif
20210149,Atmaja Mahendra,Akuntansi,eligible,SIAP_DITERBITKAN,pending,IJZ-2026-0149,040410582605148,1149,0x7725e0568b386ba586881347f5736ea22c375c1a12a67dc01a070a7f8ba33083,bafybeiaqycbkh2gmv7hubom2aqbg6hvhrmab4mzmocofbtvrq7ndmsc7mi,bafkreigpqvph6ceiobictalkruh6vqf7qtzh5paqbwwj5ya5thn2c7kkia,verified,lulus,eligible,aktif,aktif
20210150,Mutia Mayasari,Ilmu Komunikasi,eligible,SIAP_DITERBITKAN,pending,IJZ-2026-0150,040410582605149,1150,0x7725e0568b386ba586881347f5736ea22c375c1a12a67dc01a070a7f8ba33083,bafybeigxu4cl42jp4gqlcpt7nd2lvp6yl2w5nmixli7e2sgkc7436shr7y,bafkreib4hsb3junp2x6c5nbcfi4paviym26gzyn54c2ppcbgimmkcj7buy,verified,lulus,eligible,aktif,aktif
20210151,Irfan Hartati,Manajemen,eligible,SIAP_DITERBITKAN,pending,IJZ-2026-0151,040410582605150,1151,0xb3e42314408291371af34b7b3cc713ab3282c9b2517a192159c44e5bce940bb9,bafybeig36oibbjq54kipxyjxtfsm44m5nj47yormkzvedjvnru67nc2nwu,bafkreig6quddzckwkqa27h5a7vhocibxrvvhnlymhwljb7pq4vray7z64i,verified,lulus,eligible,aktif,aktif
20210152,Galar Aryani,Sistem Informasi,eligible,SIAP_DITERBITKAN,pending,IJZ-2026-0152,040410582605151,1152,0xb3e42314408291371af34b7b3cc713ab3282c9b2517a192159c44e5bce940bb9,bafybeid73wq2ben725gw7tyw5xkkfte7kljqmaathzcsx7b5xk5kg6envm,bafkreigzxdfbxztym3nypsw22nv37a2hme3xz6js75ootmoxann6bfhf3m,verified,lulus,eligible,aktif,aktif
20210153,Bakiman Astuti,Sistem Informasi,eligible,SIAP_DITERBITKAN,pending,IJZ-2026-0153,040410582605152,1153,0xb3e42314408291371af34b7b3cc713ab3282c9b2517a192159c44e5bce940bb9,bafybeiaiejwrmsgdloppz6g4zmpk4lbz4cs23itdlm5fxdn2zxtlv75t24,bafkreiapc27iyyjbw6hxiqrtggobuc6d5tacml5fmgyivtzowyaakuaztm,verified,lulus,eligible,aktif,aktif
20210154,Salsabila Maheswara,Manajemen,eligible,SIAP_DITERBITKAN,pending,IJZ-2026-0154,040410582605153,1154,0xb3e42314408291371af34b7b3cc713ab3282c9b2517a192159c44e5bce940bb9,bafybeie3kqm6upgzgm5lm7a6p5es6l35hjgh3gtjwoxhro26s6hhekzszy,bafkreihwkqu2ybnxs4i7e4cqr4lqzqloydcyh55w4eh3qdectgxb6bfvp4,verified,lulus,eligible,aktif,aktif
20210155,Kamila Jailani,Ilmu Komunikasi,eligible,SIAP_DITERBITKAN,pending,IJZ-2026-0155,040410582605154,1155,0xb3e42314408291371af34b7b3cc713ab3282c9b2517a192159c44e5bce940bb9,bafybeictg6ucsn2owyf5pwndktbptpdxilzrdwm5iyzqcdhpjlrlzxe6vq,bafkreigwkqlep2xtfr53zc27pu5n5p2a6eihqcuuticbtbz4ewrjql4lhm,verified,lulus,eligible,aktif,aktif
20210156,Zulfa Puspita,Akuntansi,eligible,SIAP_DITERBITKAN,pending,IJZ-2026-0156,040410582605155,1156,0xb3e42314408291371af34b7b3cc713ab3282c9b2517a192159c44e5bce940bb9,bafybeib6cmegaf4cpa2gatk5bu5gc62odtko57cddal2cdbjc57u3hc6ve,bafkreie3lp32ujv72miugzdjrzwlbxddskv36i3il25dclpl6hbnacbwni,verified,lulus,eligible,aktif,aktif
20210157,Lulut Wahyuni,Sistem Informasi,eligible,SIAP_DITERBITKAN,pending,IJZ-2026-0157,040410582605156,1157,0xb3e42314408291371af34b7b3cc713ab3282c9b2517a192159c44e5bce940bb9,bafybeibvnhzjp5ognuxdvkatanvl7jlwi43gzr34d3banejjhf7jrkmdgi,bafkreidkwcjw77nafrxvrey5j6mmhe4tflgz2x66fcdgfiyczedwk7pzm4,verified,lulus,eligible,aktif,aktif
20210158,Kamaria Ardianto,Ilmu Komunikasi,eligible,SIAP_DITERBITKAN,pending,IJZ-2026-0158,040410582605157,1158,0xb3e42314408291371af34b7b3cc713ab3282c9b2517a192159c44e5bce940bb9,bafybeidqlpq3ee44hdzj3eojbdllgsqabmj3mekyrskt7aks3sswrghmp4,bafkreiawciksdibhd3q73o2nf2je7yblqt7cpkzy6bzfjhcaattf2gwo2m,verified,lulus,eligible,aktif,aktif
20210159,Bakijan Nuraini,Teknik Elektro,eligible,SIAP_DITERBITKAN,pending,IJZ-2026-0159,040410582605158,1159,0xb3e42314408291371af34b7b3cc713ab3282c9b2517a192159c44e5bce940bb9,bafybeignwp4bnhylurzrpxvmzbcqebgagjnvv7oasbpondrm56d3luv2ka,bafkreif3qhnbbyov4u7kdc3e6vgoeepqsrjktyxyqyxsz644dw7swpofg4,verified,lulus,eligible,aktif,aktif
20210160,Vicky Purnawati,Sistem Informasi,eligible,SIAP_DITERBITKAN,pending,IJZ-2026-0160,040410582605159,1160,0xb3e42314408291371af34b7b3cc713ab3282c9b2517a192159c44e5bce940bb9,bafybeidhdsbcl3encuxdwrxgcqyzc3wmveqhmn563xdgwpsiiqc3aazoj4,bafkreiahpmco54jkd6nerepwovut7azajbhsmvexah4pl6mkxzniss735e,verified,lulus,eligible,aktif,aktif
20210161,Mursita Hutapea,Manajemen,eligible,SIAP_DITERBITKAN,pending,IJZ-2026-0161,040410582605160,1161,0xb3e42314408291371af34b7b3cc713ab3282c9b2517a192159c44e5bce940bb9,bafybeif7ecihnm7knrylkgxa7wgfsvi2vx2js7z7pz3e7vm6fpb72ybqsa,bafkreidpbj75yrnrpuqgejqaupgrle6ew6easis6mq4svlw6afefaylxey,verified,lulus,eligible,aktif,aktif
20210162,Perkasa Mulyani,Teknik Elektro,eligible,SIAP_DITERBITKAN,pending,IJZ-2026-0162,040410582605161,1162,0xb3e42314408291371af34b7b3cc713ab3282c9b2517a192159c44e5bce940bb9,bafybeif5jesarrixyqss6bjrzetwfvd5rrrlfgakksr3ec7aead7s4wjry,bafkreifvmqpgpnwtqk7cxb5owkgxyni6lsr24tjimulzazw73x2hnw6qsm,verified,lulus,eligible,aktif,aktif
20210163,Aurora Prasetya,Teknik Informatika,eligible,SIAP_DITERBITKAN,pending,IJZ-2026-0163,040410582605162,1163,0xb3e42314408291371af34b7b3cc713ab3282c9b2517a192159c44e5bce940bb9,bafybeihdwe7oe7tczzbx4vjt4nzjgcjvfjeqgslmta3labjuurh5geojoe,bafkreidy4dcyshsjzewi43y7mginnp6ftcfryerwtzqfxzlskihxuj6y2i,verified,lulus,eligible,aktif,aktif
20210164,Prakosa Rajasa,Manajemen,eligible,SIAP_DITERBITKAN,pending,IJZ-2026-0164,040410582605163,1164,0xb3e42314408291371af34b7b3cc713ab3282c9b2517a192159c44e5bce940bb9,bafybeihg6zctz356qsmcdjssvouclzpyrgrfbpdeep2wyqtsmafduz34li,bafkreihrbe2xj7oion7xqyk6vbcetrdagwu7x54brzzslyhezpb43slgfy,verified,lulus,eligible,aktif,aktif
20210165,Patricia Pradana,Teknik Elektro,eligible,SIAP_DITERBITKAN,pending,IJZ-2026-0165,040410582605164,1165,0xb3e42314408291371af34b7b3cc713ab3282c9b2517a192159c44e5bce940bb9,bafybeiemkvpjbdlbjeb42itfi5of57vamer3oyw76h5y2h2x7mcqfk74vy,bafkreifkobqioklnu6nex6bq7wjxo4yocvyg7aodve2eq7bbsllvq62xlm,verified,lulus,eligible,aktif,aktif
20210166,Ibrani Budiyanto,Teknik Elektro,eligible,SIAP_DITERBITKAN,pending,IJZ-2026-0166,040410582605165,1166,0xb3e42314408291371af34b7b3cc713ab3282c9b2517a192159c44e5bce940bb9,bafybeig65wbwgsfohr4rmz4sfnfw5wekpnsmjv2g5hurwhexkze4uyw5ji,bafkreihep6zsq5je2vvynyqq3wjh2l7pmyiozptautk2gpbpbccto77wfa,verified,lulus,eligible,aktif,aktif
20210167,Icha Latupono,Sistem Informasi,eligible,SIAP_DITERBITKAN,pending,IJZ-2026-0167,040410582605166,1167,0xb3e42314408291371af34b7b3cc713ab3282c9b2517a192159c44e5bce940bb9,bafybeidwgkb4htyhnpy47swfjbjdizkafer3tmak6unkouptdkxvgy7zui,bafkreigyb7blhs5fwihm2dc76o3v7svllmnm5macic76vipve52n6lsr4m,verified,lulus,eligible,aktif,aktif
20210168,Ibrani Kurniawan,Akuntansi,eligible,SIAP_DITERBITKAN,pending,IJZ-2026-0168,040410582605167,1168,0xb3e42314408291371af34b7b3cc713ab3282c9b2517a192159c44e5bce940bb9,bafybeifa6x32c37rhe4vhdwkhsoq2khe4vulgrsnrkgbtd7p7fr6dnppvu,bafkreifkggbf5sstn77aq2qq3jbb4ztbx7dfuzr2za37evrmmli4of3jhe,verified,lulus,eligible,aktif,aktif
20210169,Gawati Sitorus,Ilmu Komunikasi,eligible,SIAP_DITERBITKAN,pending,IJZ-2026-0169,040410582605168,1169,0xb3e42314408291371af34b7b3cc713ab3282c9b2517a192159c44e5bce940bb9,bafybeiasdamwdnaejvajmuu567ggbzqtmlkmcu2gqi2p4udjlxvhhjo45q,bafkreicsi4365ltgakvg7nd4gbye6ycxbhn3hjgmkg7ev3cr3egdjb6zkq,verified,lulus,eligible,aktif,aktif
20210170,Utama Tampubolon,Ilmu Komunikasi,eligible,SIAP_DITERBITKAN,pending,IJZ-2026-0170,040410582605169,1170,0xb3e42314408291371af34b7b3cc713ab3282c9b2517a192159c44e5bce940bb9,bafybeicxk6ji7afrrx4gcbbo25akptvdicfjvaaeqfqfznakuikcho6rna,bafkreibqqk6nlbj3icufmeimwosdiiquu6czejjtsnb6qxwh46q7k4indy,verified,lulus,eligible,aktif,aktif
20210171,Edi Napitupulu,Ilmu Komunikasi,eligible,SIAP_DITERBITKAN,pending,IJZ-2026-0171,040410582605170,1171,0xb3e42314408291371af34b7b3cc713ab3282c9b2517a192159c44e5bce940bb9,bafybeigvmbig3qdhag6bc75ndfjct3q5wo7quouq7njs6k5tbtxme6ho7e,bafkreibtlmmbuwspoxfq43c53qxha72d4ybks5zikifascspp7jylgpkgq,verified,lulus,eligible,aktif,aktif
20210172,Malika Pratiwi,Akuntansi,eligible,SIAP_DITERBITKAN,pending,IJZ-2026-0172,040410582605171,1172,0xb3e42314408291371af34b7b3cc713ab3282c9b2517a192159c44e5bce940bb9,bafybeiawbqzw262vvkpqwzebqg2g2hdeckecynkzgoaufocfsydvcom3r4,bafkreibxr6ksvey5e2dqtllnhi4ccj2qzlokj6d5yqka3y5zhnktk4sfha,verified,lulus,eligible,aktif,aktif
20210173,Irnanto Hidayat,Teknik Elektro,eligible,SIAP_DITERBITKAN,pending,IJZ-2026-0173,040410582605172,1173,0xb3e42314408291371af34b7b3cc713ab3282c9b2517a192159c44e5bce940bb9,bafybeicbv7z4lcb47fij35qxlsxsqckfor5jmqm7r5zhjvjkmj2d4g3p7u,bafkreihmkpvtnhnr7kmxkenpnaurigswis6dbg4mdlv2y3uoa55ajfza3u,verified,lulus,eligible,aktif,aktif
20210174,Galak Hariyah,Teknik Elektro,eligible,SIAP_DITERBITKAN,pending,IJZ-2026-0174,040410582605173,1174,0xb3e42314408291371af34b7b3cc713ab3282c9b2517a192159c44e5bce940bb9,bafybeibdp3rxls3h2nutlcs4uytfs4x3l53ifucivncz2m2gdsbzvl2xym,bafkreialifi67j6pcqatfyyfhvhlevwlmp7lss4lcyswbt4yk42hfidzwy,verified,lulus,eligible,aktif,aktif
20210175,Malika Prastuti,Teknik Informatika,eligible,SIAP_DITERBITKAN,pending,IJZ-2026-0175,040410582605174,1175,0xb3e42314408291371af34b7b3cc713ab3282c9b2517a192159c44e5bce940bb9,bafybeid5ruecvwn3iao4s2y4x5k3zqwfo6yybahp2aw5va52s6qdnhsoee,bafkreidtadxgi67xk4x2csmvmtcuacpycznx3dujhp3cei6ikis4atykvq,verified,lulus,eligible,aktif,aktif
20210176,Galur Suartini,Teknik Informatika,eligible,SIAP_DITERBITKAN,pending,IJZ-2026-0176,040410582605175,1176,0xb3e42314408291371af34b7b3cc713ab3282c9b2517a192159c44e5bce940bb9,bafybeihvnkkfjzosxv5ndyud5y6uicrmemn2z36v5zqusgqmxmt2wdcske,bafkreihkkhsggcu5ho3shxsk67jcza3a7jahad2yczssynaptp4yuc5if4,verified,lulus,eligible,aktif,aktif
20210177,Johan Yuliarti,Manajemen,eligible,SIAP_DITERBITKAN,pending,IJZ-2026-0177,040410582605176,1177,0xb3e42314408291371af34b7b3cc713ab3282c9b2517a192159c44e5bce940bb9,bafybeibuoo65oyhqk4rucq3vd773nab62m5dudb7s3ar6hdosdkufxumyi,bafkreicdnoizc7itzqbyrofzmgywp7xwlbu2jocgeyna3o2qxcy6qkbijm,verified,lulus,eligible,aktif,aktif
20210178,Galih Wahyudin,Teknik Elektro,eligible,SIAP_DITERBITKAN,pending,IJZ-2026-0178,040410582605177,1178,0xb3e42314408291371af34b7b3cc713ab3282c9b2517a192159c44e5bce940bb9,bafybeicsxy3xu3ho2qqyum7cjdh4xiyz76l5mvetal5udeoqgkduprwoza,bafkreibhrqm7pnkwdussnze7scttmqxw4w2flkpuh5wjhud4rqrgnht23y,verified,lulus,eligible,aktif,aktif
20210179,Bella Sitompul,Teknik Elektro,eligible,SIAP_DITERBITKAN,pending,IJZ-2026-0179,040410582605178,1179,0xb3e42314408291371af34b7b3cc713ab3282c9b2517a192159c44e5bce940bb9,bafybeidvhwhpx3dg2fwsp7hfrtrjqnmkxyfjlon3tib2xygiuawubnaqrm,bafkreihrncva624ualwfervercs5ddc5l5xugka32klsjdkcsya5gigpfe,verified,lulus,eligible,aktif,aktif
20210180,Ganda Hutapea,Teknik Elektro,eligible,SIAP_DITERBITKAN,pending,IJZ-2026-0180,040410582605179,1180,0xb3e42314408291371af34b7b3cc713ab3282c9b2517a192159c44e5bce940bb9,bafybeibbvzbxxwovbz4nnlo7inyfeoifr7rrnurfufpakamcls3uvnrgke,bafkreicppoktdggwaqfqecnznuh3favpcl74gpx7ovv5tojew5vox66ihi,verified,lulus,eligible,aktif,aktif
20210181,Diah Riyanti,Akuntansi,eligible,SIAP_DITERBITKAN,pending,IJZ-2026-0181,040410582605180,1181,0xb3e42314408291371af34b7b3cc713ab3282c9b2517a192159c44e5bce940bb9,bafybeigtzbu5qdp35o43vmrtt4h7nlthdrbp3s7udwftnkimbs73lrcaye,bafkreicmtjnxwz4w2u3otgqtk4ytf6ftym4vuf4hrwhhialh2fslbk2p5q,verified,lulus,eligible,aktif,aktif
20210182,Mumpuni Novitasari,Akuntansi,eligible,SIAP_DITERBITKAN,pending,IJZ-2026-0182,040410582605181,1182,0xb3e42314408291371af34b7b3cc713ab3282c9b2517a192159c44e5bce940bb9,bafybeihnuhivbwnep5cjjvznbbs2yvhyjohtjm74xc7qr5rw6mri4cl4xe,bafkreifm3kbtwwdfzcezyylrcs6tfhsfhjrprx3fj6xhwmtuoe7u2zgifq,verified,lulus,eligible,aktif,aktif
20210183,Elvina Prabowo,Sistem Informasi,eligible,SIAP_DITERBITKAN,pending,IJZ-2026-0183,040410582605182,1183,0xb3e42314408291371af34b7b3cc713ab3282c9b2517a192159c44e5bce940bb9,bafybeih7uoykk2i5ld6el6gywuqh22fahxtftmw7z5ifrxjxrcsvsgejp4,bafkreifticjvgstens4wdgnvt7vng3h2kzfxtqwregue6ms2lzi4riaf5e,verified,lulus,eligible,aktif,aktif
20210184,Ega Januar,Ilmu Komunikasi,eligible,SIAP_DITERBITKAN,pending,IJZ-2026-0184,040410582605183,1184,0xb3e42314408291371af34b7b3cc713ab3282c9b2517a192159c44e5bce940bb9,bafybeiavw2mf62dju3t3ifktm6zqxwse4h3qmbxpmnvsdwx2752ycc4sia,bafkreic4bzyvthvpqx3w4rzfuyb2eum2jfcow5m5az4ns62cl25sb6wvli,verified,lulus,eligible,aktif,aktif
20210185,Lembah Waluyo,Ilmu Komunikasi,eligible,SIAP_DITERBITKAN,pending,IJZ-2026-0185,040410582605184,1185,0xb3e42314408291371af34b7b3cc713ab3282c9b2517a192159c44e5bce940bb9,bafybeig4hligu6f44l37a6t7rqkvi2jggbmiala5cubruhvp4itx2efc5a,bafkreicyshzd7omt6psodnle2pffvpljixbwec3aqy4rwt4esyekjovwby,verified,lulus,eligible,aktif,aktif
20210186,Hendra Utama,Manajemen,eligible,SIAP_DITERBITKAN,pending,IJZ-2026-0186,040410582605185,1186,0xb3e42314408291371af34b7b3cc713ab3282c9b2517a192159c44e5bce940bb9,bafybeigsd2nhelyeqwsq6vg4umj7mpnlivgzi4juh5jnjl4s6fxe7iibqa,bafkreicphjqzh234kvxyfulwc4a3ep56ypb7g6ynt4wvxhh2hlnkhegxzm,verified,lulus,eligible,aktif,aktif
20210187,Gina Nasyidah,Manajemen,eligible,SIAP_DITERBITKAN,pending,IJZ-2026-0187,040410582605186,1187,0xb3e42314408291371af34b7b3cc713ab3282c9b2517a192159c44e5bce940bb9,bafybeib4mhd7hqpuckjxget46llyosv5beveoliqyiva6vd4mvkssxkjj4,bafkreibiyjv46d7lsavlf2e5xkmmic5ys2ygtwntjqzzbc26hwfkkzec7q,verified,lulus,eligible,aktif,aktif
20210188,Malika Suryono,Manajemen,eligible,SIAP_DITERBITKAN,pending,IJZ-2026-0188,040410582605187,1188,0xb3e42314408291371af34b7b3cc713ab3282c9b2517a192159c44e5bce940bb9,bafybeiap3aawho5psenxmtwhucgswp5vizaa2ovocitc4ipxi63qrtki6u,bafkreic55kwmpy3tpoiu43qkkes2yrtp3dvco6qgda3fsghik5uaithxfa,verified,lulus,eligible,aktif,aktif
20210189,Teddy Ramadan,Teknik Elektro,eligible,SIAP_DITERBITKAN,pending,IJZ-2026-0189,040410582605188,1189,0xb3e42314408291371af34b7b3cc713ab3282c9b2517a192159c44e5bce940bb9,bafybeig7ammvlsdrie6k37tnf22lke5ya6c2lswptosqoorix7qcprnwvy,bafkreicfkohk62y4yd5biibv57m6m7xbigge5n4er2d54jylmtrtxb6k3e,verified,lulus,eligible,aktif,aktif
20210190,Edi Hutasoit,Akuntansi,eligible,SIAP_DITERBITKAN,pending,IJZ-2026-0190,040410582605189,1190,0xb3e42314408291371af34b7b3cc713ab3282c9b2517a192159c44e5bce940bb9,bafybeibz5eq3e7tyw7nxfvacgmotvuqqjqgfqani2ind6u2jm7biobrstm,bafkreidnetoxqdb2komovuja4ws34jvd5qbdlnyz2bo5hguwizzc6sn5ge,verified,lulus,eligible,aktif,aktif
20210191,Rendy Hartati,Manajemen,eligible,SIAP_DITERBITKAN,pending,IJZ-2026-0191,040410582605190,1191,0xb3e42314408291371af34b7b3cc713ab3282c9b2517a192159c44e5bce940bb9,bafybeie7mbgilymczffbkbbm6p4juse5ewqbzfjgsa4rxre5rraagssn34,bafkreif2i2uqs5vkedilwrlvhm55tiiflokuanjxzsa5fj4qlrdmo452ne,verified,lulus,eligible,aktif,aktif
20210192,Gilda Winarno,Teknik Informatika,eligible,SIAP_DITERBITKAN,pending,IJZ-2026-0192,040410582605191,1192,0xb3e42314408291371af34b7b3cc713ab3282c9b2517a192159c44e5bce940bb9,bafybeigz5z23lqwarvvou5h4m4z5l3x7j4ipacu5i5belz7mzacvvt34t4,bafkreiaa6y3fqqxhthumcomvuq5uumuv26hkxevtpfl5ctxeace6r2y2bu,verified,lulus,eligible,aktif,aktif
20210193,Widya Maulana,Manajemen,eligible,SIAP_DITERBITKAN,pending,IJZ-2026-0193,040410582605192,1193,0xb3e42314408291371af34b7b3cc713ab3282c9b2517a192159c44e5bce940bb9,bafybeib5wfspsfmpyz6f7whcdsulpo6zufly5vxubidyopaalsvnvbrzja,bafkreihdo7p5sav76gfvgofokqeobqndyqwifx2etgu2splsjluybnqnfy,verified,lulus,eligible,aktif,aktif
20210194,Melinda Susanti,Teknik Elektro,eligible,SIAP_DITERBITKAN,pending,IJZ-2026-0194,040410582605193,1194,0xb3e42314408291371af34b7b3cc713ab3282c9b2517a192159c44e5bce940bb9,bafybeicvvwk76bv4arnatulig5ugti6nhe4iwrjj4edx5ztqezgptk6nge,bafkreifqcnt55nahvq6zqkqn7aok6tpzk3aqmvtgmngv5s6nonpohwiucm,verified,lulus,eligible,aktif,aktif
20210195,Carla Suwarno,Sistem Informasi,eligible,SIAP_DITERBITKAN,pending,IJZ-2026-0195,040410582605194,1195,0xb3e42314408291371af34b7b3cc713ab3282c9b2517a192159c44e5bce940bb9,bafybeiekfli7t4x2obzc3xpzgcdsnphdzrzn5qz2yacoa5hdcnfj27wjd4,bafkreiey7ipuavrem3s676tcknw46kc3xlwvhpq6myaddyyc2yjrjq3i44,verified,lulus,eligible,aktif,aktif
20210196,Bella Kusumo,Akuntansi,eligible,SIAP_DITERBITKAN,pending,IJZ-2026-0196,040410582605195,1196,0xb3e42314408291371af34b7b3cc713ab3282c9b2517a192159c44e5bce940bb9,bafybeicdo3loqa27tlbaxpnwqpgjmc7xwnbexgilkarawk326hd3a73pym,bafkreigcuhhrqkqb5ciyopyazdy4prpdqpnidfkvm3kiv7ye36ccoyydju,verified,lulus,eligible,aktif,aktif
20210197,Nasim Megantara,Teknik Elektro,eligible,SIAP_DITERBITKAN,pending,IJZ-2026-0197,040410582605196,1197,0xb3e42314408291371af34b7b3cc713ab3282c9b2517a192159c44e5bce940bb9,bafybeicdgcvhed2iexx2cftas6hct46bmzu334yb2aquzf24v4vusthn3y,bafkreig74pdo5rwyypmvkfapamqxntafopgo77eif45nvgxjtowu4zeufe,verified,lulus,eligible,aktif,aktif
20210198,Mulya Winarsih,Teknik Informatika,eligible,SIAP_DITERBITKAN,pending,IJZ-2026-0198,040410582605197,1198,0xb3e42314408291371af34b7b3cc713ab3282c9b2517a192159c44e5bce940bb9,bafybeibo3ddk3cmcxffyhjaz5tmcjqeo4fdqwhiwxqgajdv33rmwaqyqc4,bafkreidjnv67zhw3yatoafdqvq5vjyp33kxefh7au7ey2svnlse3n5pagm,verified,lulus,eligible,aktif,aktif
20210199,Makara Wibisono,Teknik Informatika,eligible,SIAP_DITERBITKAN,pending,IJZ-2026-0199,040410582605198,1199,0xb3e42314408291371af34b7b3cc713ab3282c9b2517a192159c44e5bce940bb9,bafybeibpfclreai6s67cw42eovamc6ro7ujkcxw6t7gz3ioclpnho66nlq,bafkreidvur2ntfsxzjfbyl5ezohyhze5q7ot2eo5ilfw7x7rrm7zeqwixa,verified,lulus,eligible,aktif,aktif
20210200,Oskar Wahyuni,Ilmu Komunikasi,eligible,SIAP_DITERBITKAN,pending,IJZ-2026-0200,040410582605199,1200,0xb3e42314408291371af34b7b3cc713ab3282c9b2517a192159c44e5bce940bb9,bafybeidtzbr5c6zpzaygpsalgffemkci3txueuqxmzjhqvgihk7lc3niym,bafkreiel7jezblc4izkclouk6o4hsrlabmy6bwiqeser3ss2w7buwzjy6m,verified,lulus,eligible,aktif,aktif
20210201,Puji Sirait,Ilmu Komunikasi,ineligible,DRAFT,pending,,,,,,,,aktif,tidak_eligible,,
20210202,Rosman Mansur,Manajemen,ineligible,DRAFT,pending,,,,,,,,aktif,tidak_eligible,,
20210203,Prima Pangestu,Teknik Elektro,ineligible,DRAFT,pending,,,,,,,,aktif,tidak_eligible,,
20210204,Ani Yuliarti,Teknik Informatika,ineligible,DRAFT,pending,,,,,,,,aktif,tidak_eligible,,
20210205,Maya Wacana,Manajemen,ineligible,DRAFT,pending,,,,,,,,aktif,tidak_eligible,,
20210206,Kartika Maryati,Manajemen,ineligible,DRAFT,pending,,,,,,,,aktif,tidak_eligible,,
20210207,Kenes Sihombing,Ilmu Komunikasi,ineligible,DRAFT,pending,,,,,,,,aktif,tidak_eligible,,
20210208,Eli Handayani,Teknik Elektro,ineligible,DRAFT,pending,,,,,,,,aktif,tidak_eligible,,
20210209,Bahuraksa Winarsih,Ilmu Komunikasi,ineligible,DRAFT,pending,,,,,,,,aktif,tidak_eligible,,
20210210,Ami Mahendra,Teknik Elektro,ineligible,DRAFT,pending,,,,,,,,aktif,tidak_eligible,,
20210211,Lukita Mangunsong,Teknik Elektro,unverified,DRAFT,pending,,,,,,,,,,,
20210212,Karta Utama,Sistem Informasi,unverified,DRAFT,pending,,,,,,,,,,,
